filename,ctr,title,project,has_face,has_before_after,brightness,saturation,contrast,warm,title_hook,text_density,subject_prominence,medical_trust_signal,hook_strength,before_after_strength,emotional_tension,composition_clarity,thumbnail_legibility,ai_tags,ai_notes
ZSLB-01.jpg,10.75,短鼻 朝天鼻，1支延长鼻尖，抬高鼻背～,注射/朝天鼻,是,否,70,60,75,50,80,40,85,70,75,0,60,80,70,朝天鼻 / 医美 / 注射 / 美容 / 鼻尖 / 整形 / 短鼻 / 效果,封面展示了注射过程，强调了效果和专业性，吸引点击。
ZSLB-02.jpg,27,2026不叨叨|打造妈生立体鼻,注射/妈生立体鼻,是,否,75,60,70,40,80,50,85,70,75,0,60,80,90,医美 / 鼻部 / 注射 / 妈生 / 立体 / 科技 / 美容 / 2026,封面清晰且主题突出，标题吸引人，适合点击
ZSLB-03.jpg,10,不是...不叨叨也能爆改塌鼻子了吗⁉,注射/缩小鼻翼,是,否,70,60,80,50,85,40,75,60,80,0,70,75,85,医美 / 鼻子 / 注射 / 美容 / 改造 / 缩小 / 效果 / 变美,封面标题吸引眼球，突出鼻部改造主题，具有较强的点击潜力。
ZSLB-04.jpg,12,鼻头扁塌|不叨叨爆改立体妈生鼻,注射/塌鼻子,是,是,75,60,80,50,85,40,90,70,80,75,65,85,90,鼻子 / 医美 / 注射 / 改造 / 美容 / 面部 / 效果 / 前后,封面展示了明显的面部特征和改造效果，吸引点击。
ZSLB-05.jpg,10.03,关于注射鼻答疑解惑，快问快答来喽～,注射鼻,是,否,75,60,70,50,80,60,70,65,75,0,50,80,85,注射鼻 / 医美 / 问答 / 美容 / 快速 / 解答 / 疑惑 / 咨询,封面通过清晰的标题和图像吸引用户点击，具有较强的互动性和专业性。
ZSLB-06.jpg,10.85,没山根伪塌鼻，3ml沉浸式注射全流程…,注射鼻,是,否,70,60,50,40,80,20,70,60,75,0,50,65,80,注射 / 鼻部 / 医美 / 美容 / 整形 / 沉浸式 / 全流程 / 效果,封面展示了注射过程，标题吸引人，适合医美主题。
ZSLB-07.jpg,15.5,原来拉出面中真的只需要6ml～,注射鼻,是,是,70,60,75,50,80,30,85,70,75,90,60,80,85,注射 / 鼻部 / 医美 / 效果 / 对比 / 美容 / 面部 / 护理,封面展示了明显的前后对比，吸引用户点击了解效果。
ZSLB-08.jpg,14.55,20min沉浸式体验注射，仅仅需要4支～,注射鼻,是,是,70,60,75,50,80,30,85,70,75,90,60,80,85,注射 / 鼻部 / 医美 / 美容 / 体验 / 效果 / 前后对比 / 快速,封面展示了明显的前后对比，吸引用户点击了解注射效果。
ZSLB-09.jpg,13.01,30min注射鼻全过程～改善矮塌鼻即刻惊艳…,注射鼻,是,否,70,60,75,50,80,30,85,70,75,0,60,80,90,注射鼻 / 医美 / 美容 / 整形 / 鼻子 / 过程 / 改善 / 惊艳,封面展示了注射过程，吸引观众关注医美效果。
ZSLB-10.jpg,8.92,【实录】只需打起鼻小柱，打造T区高级感,注射鼻,是,是,75,60,80,30,85,40,90,70,80,90,60,85,75,鼻部 / 医美 / 注射 / 美容 / T区 / 效果 / 实录 / 高级感,封面展示了明显的前后对比，吸引用户关注鼻部注射效果。
ZSLB-11.jpg,18.35,沉浸式｜低山根矮塌鼻逆袭自然妈生鼻,注射鼻,是,是,70,60,75,50,80,30,85,70,75,90,60,80,85,医美 / 鼻部 / 注射 / 美容 / 逆袭 / 自然 / 低山根 / 效果对比,封面展示了明显的前后对比，吸引用户点击了解效果。
ZSLB-12.jpg,10.68,原来普通人变美这么简单~,注射鼻,是,是,75,60,70,50,80,30,85,60,75,80,65,70,90,医美 / 注射 / 鼻子 / 变美 / 普通人 / 简单 / 效果 / 前后对比,封面展示了明显的前后对比，吸引观众关注变美的简单性。
ZSLB-13.jpg,3.76,矮塌蒜头鼻2ml注射妈生鼻全程vlog,注射鼻,是,否,70,60,50,40,80,20,70,60,75,0,50,65,80,鼻部注射 / 整形 / 美容 / vlog / 医美 / 鼻子 / 效果 / 治疗,封面具有较强的标题吸引力和清晰的主题，适合吸引点击。
ZSLB-14.jpg,10.88,【实录】只需打起鼻小柱，拿捏鼻子高级感！,注射鼻,是,否,70,60,75,50,80,20,85,70,75,0,60,80,90,鼻子 / 注射 / 医美 / 美容 / 高级感 / 实录 / 效果 / 变美,封面展示了注射过程，强调了鼻部的变化和高级感，吸引点击。
ZSLB-15.jpg,3.29,重庆注射鼻｜低山根塌鼻子爆改实录,注射鼻,是,是,70,60,75,40,80,30,85,70,75,80,60,85,90,注射鼻 / 整形 / 美容 / 重庆 / 低山根 / 改造 / 实录 / 医美,封面展示了明显的面部特征和改造效果，标题吸引眼球，适合引发点击。
ZSLB-16.jpg,13.75,矮塌鼻设计思路～,注射鼻,是,否,60,50,70,40,80,20,75,60,85,0,50,70,80,鼻部设计 / 医美 / 注射 / 美容 / 整形 / 鼻子 / 效果图 / 设计思路,封面标题吸引人，面部特征明显，整体清晰度高，适合引发点击。
LB-01.jpg,16.51,妈生幼态感 | 直鼻微翘微起伏！,手术隆鼻/直鼻微翘妈生鼻,是,否,70,60,75,40,80,30,85,70,75,0,60,80,90,隆鼻 / 微整形 / 美容 / 医美 / 直鼻 / 面部 / 年轻 / 手术,封面展示了医生与顾客的互动，强调了手术的专业性和效果，吸引点击。
LB-02.jpg,8.25,自然立体鼻设计，提升面部轮廓感！,手术隆鼻/自然立体鼻,是,否,70,60,50,40,80,30,70,60,75,0,50,65,80,隆鼻 / 自然 / 面部轮廓 / 医美 / 美容 / 手术 / 设计 / 提升,封面展示了自然立体鼻设计，吸引用户关注面部轮廓提升。
LB-03.jpg,10.41,直鼻微翘+盒型鼻头，人生鼻子！,手术隆鼻/直鼻微翘,是,否,70,50,80,30,85,20,90,60,75,0,40,85,90,隆鼻 / 微翘 / 美容 / 手术 / 鼻子 / 美丽 / 整形 / 医美,封面展示了清晰的侧脸，突出鼻部特征，标题吸引眼球，适合点击。
LB-04.jpg,9.09,/,手术隆鼻/鼻综合/自然驼峰鼻,是,否,70,60,75,50,80,30,85,60,75,0,65,80,70,隆鼻 / 自然 / 美容 / 手术 / 鼻综合 / 微整形 / 效果 / 美丽,封面展示了自然的鼻部特征，吸引点击的潜力较高。
LB-05.jpg,7.1,成都原相机妈生鼻，无惧揉捏！超绝审美！,手术隆鼻/妈生鼻,是,否,70,60,75,50,85,40,80,60,90,0,70,75,80,隆鼻 / 妈生鼻 / 审美 / 成都 / 医美 / 美容 / 手术 / 无惧,封面标题吸引眼球，情感张力强，适合引发点击。
LB-06.jpg,12.1,这鼻子谁看了不说一句绝美！,手术隆鼻/直鼻微翘,是,否,70,60,80,30,85,40,90,60,75,0,65,85,70,隆鼻 / 微整形 / 美容 / 绝美 / 手术 / 直鼻 / 面部 / 医美,封面展示了清晰的面部特征和吸引人的标题，具有较强的点击潜力。
LB-07.jpg,12.7,鼻修复，这次要逆袭上镜男主角！,手术隆鼻/鼻修复/网感鼻,是,否,70,50,80,30,85,40,90,60,75,0,65,85,80,鼻修复 / 隆鼻 / 男主角 / 网感 / 医美 / 逆袭 / 手术 / 美容,封面突出男主角的侧脸，标题吸引眼球，整体视觉效果清晰且具有吸引力。
LB-08.jpg,75.41,别眨眼👀，20秒感受鼻子有多重要,手术隆鼻,是,否,70,60,75,50,80,40,85,60,75,0,65,80,90,隆鼻 / 医美 / 美容 / 手术 / 鼻子 / 重要性 / 短视频 / 效果,封面通过清晰的面部特写和引人注目的标题吸引点击，强调鼻子的美学重要性。
LB-09.jpg,61.8,别眨眼👀，20秒感受鼻子有多重要,手术隆鼻,是,否,70,60,50,40,80,30,70,60,75,0,65,80,85,隆鼻 / 医美 / 美容 / 手术 / 鼻子 / 重要性 / 效果 / 快速,封面标题引人注目，强调鼻子的关键性，适合吸引点击。
LB-10.jpg,14.55,北京鼻子丨高山根棍感鼻+假体显形修复思路,手术隆鼻/假体修复,是,是,40,30,60,20,70,50,80,60,75,85,40,50,70,隆鼻 / 假体修复 / 美容 / 整形 / 高山根 / 鼻子 / 医美 / 效果对比,封面展示了明显的鼻部变化，吸引用户关注医美效果。
LB-11.jpg,26.15,自然款直鼻微翘👃肋骨鼻拉面中,手术隆鼻/直鼻微翘/肋骨鼻,是,否,70,60,50,40,80,20,70,60,75,0,50,65,80,隆鼻 / 微翘 / 自然款 / 肋骨鼻 / 美容 / 手术 / 医美 / 效果,封面展示了自然款隆鼻效果，吸引点击的标题和清晰的构图增强了吸引力。
LB-12.jpg,26.4,05年女大塌鼻+面中凹陷的正确do鼻思路！,手术隆鼻/面中凹陷,是,否,70,60,50,40,80,70,60,50,75,0,65,55,80,隆鼻 / 面部改善 / 医美 / 美容 / 手术 / 女性 / 效果 / 案例,封面标题吸引人，具有较强的点击潜力，但缺乏前后对比图。
LB-13.jpg,21.66,鼻骨歪斜+短鼻露鼻孔丨第一天查房+感受,手术隆鼻,是,是,70,60,75,40,80,50,85,70,75,80,65,70,80,隆鼻 / 整形 / 医疗 / 美容 / 鼻子 / 术后 / 恢复 / 案例,封面展示了术后效果，吸引关注和讨论，标题引人入胜。
LB-14.jpg,24.15,低山根直鼻+清冷感可以申请当你的模板嘛,手术隆鼻/低山根直鼻,是,否,60,40,70,20,75,30,80,50,70,0,60,75,80,隆鼻 / 低山根 / 清冷感 / 美容 / 手术 / 模板 / 面部 / 医美,封面标题吸引人，主体突出，整体清晰度高，适合引发点击。
LB-15.jpg,19.92,姐妹们，北京7w的鼻综合我先冲了！,手术隆鼻/鼻综合,是,是,70,60,75,50,80,60,85,70,75,80,65,70,80,鼻综合 / 手术 / 医美 / 北京 / 姐妹们 / 美容 / 变美 / 术后,封面展示了手术过程，吸引关注，标题引发好奇心，适合点击。
LB-16.jpg,6.86,大鼻头缩小 别再傻傻只切鼻头了！,手术隆鼻/大鼻头缩小,是,是,70,60,75,50,80,40,85,70,75,80,65,70,90,隆鼻 / 大鼻头 / 手术 / 美容 / 整形 / 效果 / 前后对比 / 信任,封面具有较强的吸引力和清晰的主题，适合吸引点击。
LB-17.jpg,6.86,成都鼻修复|高级感 我的强项罢了,手术隆鼻,是,否,70,60,75,50,80,30,85,70,75,0,60,80,90,鼻修复 / 手术 / 美容 / 成都 / 高级感 / 医美 / 强项 / 效果,封面展示了清晰的面部特征和专业感，标题吸引人，适合医美领域。
LB-18.jpg,14.07,这个鼻子怎么回事？,手术隆鼻,是,否,30,20,50,10,70,10,60,40,65,0,50,70,80,隆鼻 / 手术 / 美容 / 鼻子 / 医美 / 整形 / 效果 / 咨询,封面展示了鼻子的侧面，标题引发好奇，适合吸引点击。
LB-19.jpg,16.02,binder综合症：无法和解的20年,手术隆鼻,是,否,70,60,50,40,80,30,70,60,75,0,65,80,85,医美 / 隆鼻 / binder综合症 / 美容 / 手术 / 面部 / 变化 / 信任,封面通过强烈的标题和清晰的面部特征吸引点击，情感张力适中。
LB-20.jpg,28.63,肋软骨钙化 还能do鼻吗？？,手术隆鼻/知识,是,否,70,60,80,40,85,50,70,60,80,0,75,65,70,肋软骨 / 隆鼻 / 医美 / 手术 / 知识 / 美容 / 面部 / 健康,封面标题引人关注，结合医学元素，具备较强的点击潜力。
LB-21.jpg,15,直鼻微翘微起伏，太美了吧！,手术隆鼻,是,否,70,60,80,30,85,40,90,60,75,0,50,85,90,隆鼻 / 微整形 / 美容 / 手术 / 美丽 / 鼻子 / 效果 / 变化,封面展示了清晰的侧脸特征，标题引人注目，适合吸引点击。
LB-22.jpg,15,上海鼻翼模板，4mm精致小巧👃.....,手术隆鼻,是,否,75,60,70,50,80,30,85,60,75,0,65,80,90,隆鼻 / 美容 / 手术 / 鼻翼 / 上海 / 精致 / 模板 / 护理,封面展示了清晰的面部特征和吸引人的标题，具有较高的点击潜力。
LB-23.jpg,15,男生微驼峰模版,手术隆鼻,是,否,70,60,50,40,80,20,70,60,75,0,50,65,80,男生 / 微驼峰 / 隆鼻 / 手术 / 美容 / 医美 / 效果 / 案例,封面展示了男生微驼峰的效果，标题吸引力强，适合医美类点击。
LB-24.jpg,15,大大的鼻孔也许小小的调整就能改善～～,手术隆鼻,是,否,70,60,80,30,75,40,85,70,80,0,60,75,85,隆鼻 / 手术 / 美容 / 调整 / 鼻孔 / 医美 / 效果 / 女性,封面展示了清晰的面部特征，标题引人关注，适合吸引点击。
LB-25.jpg,15,鼻子长期稳定的关键要看这三点…,手术隆鼻,是,否,75,60,70,40,80,50,70,85,75,0,60,80,90,隆鼻 / 医美 / 手术 / 美容 / 鼻子 / 稳定 / 技巧 / 专业,封面通过专业形象和清晰标题吸引点击，具备较强的医疗信任感。
LB-26.jpg,15,露鼻孔怎么办❓,手术隆鼻,是,是,70,60,80,30,85,40,90,70,80,90,60,75,85,隆鼻 / 手术 / 美容 / 鼻孔 / 整形 / 医美 / 效果 / 前后对比,封面清晰展示了手术效果，标题引人关注，适合吸引点击。
LB-27.jpg,15,直鼻微翘+微起伏👃,手术隆鼻,是,否,70,60,65,50,75,30,80,70,75,0,60,85,80,隆鼻 / 微整形 / 美容 / 手术 / 医美 / 直鼻 / 微翘 / 效果,封面清晰，标题吸引，适合引发点击兴趣。
LB-28.jpg,12,露鼻孔|鼻翼缘30分钟矫正,手术隆鼻,是,是,70,60,80,30,75,40,85,70,80,90,50,85,75,隆鼻 / 鼻翼 / 整形 / 美容 / 医美 / 矫正 / 效果 / 术后,封面清晰展示了鼻部特征，标题引人注目，适合吸引点击。
LB-29.jpg,15,拒绝露鼻孔 拒绝鼻翼缘退缩～,手术隆鼻,是,否,70,60,75,40,85,30,80,60,90,0,70,80,75,隆鼻 / 医美 / 美容 / 手术 / 鼻子 / 效果 / 变美 / 自信,封面通过强烈的标题和清晰的面部特写吸引点击，情感张力较高。
LB-30.jpg,15,直鼻微翘+微起伏👃可以申请当你的模版嘛,手术隆鼻,是,否,30,20,70,40,60,10,80,50,65,0,50,75,90,隆鼻 / 微整形 / 美容 / 手术 / 侧脸 / 效果 / 模板 / 美丽,封面展示了清晰的侧脸，突出手术效果，标题引发好奇心。
LB-31.jpg,15,女生大鼻子模板,手术隆鼻,是,是,70,60,80,50,75,20,85,70,80,90,60,75,80,隆鼻 / 整形 / 美容 / 手术 / 女生 / 前后对比 / 医美 / 鼻子,封面展示了明显的前后对比，吸引观众关注整形效果。
LB-32.jpg,15,大鼻头爆改思路｜猪猪女孩快来做功课～,手术隆鼻,是,否,70,60,75,40,85,50,80,70,90,0,65,80,75,隆鼻 / 医美 / 美容 / 手术 / 猪猪女孩 / 改造 / 美丽 / 变美,封面标题吸引人，突出手术主题，适合目标受众。
LB-33.jpg,15,告别大鼻子，原来只需要两步！！,手术隆鼻,是,否,70,60,75,50,80,40,70,60,75,0,65,80,70,隆鼻 / 医美 / 手术 / 美容 / 改变 / 效果 / 自信 / 美丽,封面标题吸引眼球，整体清晰度高，情感张力适中，适合吸引点击。
LB-34.jpg,15,鼻头大、鼻孔大的，就看这一篇！,手术隆鼻,是,否,70,60,75,50,80,30,85,70,75,0,60,80,90,隆鼻 / 手术 / 美容 / 鼻子 / 医美 / 整形 / 效果 / 案例,封面标题引人注目，主题突出，适合吸引对隆鼻感兴趣的用户。
LB-35.jpg,15,单纯软组织肥厚的大鼻头，不放材料解决思路,手术隆鼻,是,否,70,60,75,50,80,40,85,70,75,0,60,80,70,隆鼻 / 手术 / 美容 / 医美 / 大鼻头 / 软组织 / 解决方案 / 效果,封面标题引人注目，图像清晰，具有较高的情感张力和主题突出性。
LB-36.jpg,15,大鼻子女生,手术隆鼻,是,是,70,60,50,40,80,30,70,60,75,80,50,65,85,隆鼻 / 手术 / 美容 / 大鼻子 / 变化 / 效果 / 女生 / 前后对比,封面展示了明显的变化，标题吸引眼球，适合点击。
LB-37.jpg,15,鼻槛缺损断裂还能修吗？,手术隆鼻,是,否,60,40,50,30,70,80,60,50,75,0,65,55,70,隆鼻 / 手术 / 医疗 / 美容 / 鼻子 / 修复 / 缺损 / 整形,封面标题引人关注，具有一定的情感张力，适合吸引点击。
LB-38.jpg,15,鼻翼缩小，👃🏻真能小这么多？,手术隆鼻,是,是,70,60,75,40,80,30,85,70,75,80,60,90,85,鼻翼缩小 / 手术隆鼻 / 美容 / 医美 / 效果对比 / 面部 / 整形 / 前后对比,封面展示了明显的面部特征变化，标题引发好奇，适合吸引点击。
LB-39.jpg,15,OMG!没想到改善大鼻孔和鼻孔外漏这么简单！,手术隆鼻,是,否,70,60,75,50,85,40,80,70,90,0,60,80,75,隆鼻 / 医美 / 鼻孔 / 改善 / 手术 / 美容 / 整形 / 效果,封面展示了手术过程，标题引人注目，具有较强的点击潜力。
LB-40.jpg,15,露鼻孔,手术隆鼻,是,否,70,60,75,40,80,20,85,70,75,0,50,80,90,隆鼻 / 手术 / 美容 / 医美 / 鼻子 / 整形 / 效果 / 术后,封面展示了清晰的面部特征，标题引人注目，适合吸引点击。
LB-41.jpg,15,为什么双拱鼻头不会变形下旋❓,手术隆鼻,是,否,70,60,75,50,80,40,85,70,75,0,60,80,90,隆鼻 / 医美 / 双拱鼻头 / 手术 / 美容 / 效果 / 变形 / 信任,封面标题引人关注，视觉清晰，具备医疗信任感，适合吸引点击。
LB-42.jpg,15,只是缩了4mm...,手术隆鼻,是,否,70,60,50,40,80,30,70,60,75,0,50,65,80,隆鼻 / 手术 / 美容 / 效果 / 变化 / 日记 / 记录 / 分享,封面展示了手术后的效果，标题引发好奇，适合吸引点击。
LB-43.jpg,15,什么是三维优化内外联合缩鼻翼？,手术隆鼻,是,否,70,60,65,50,80,30,75,70,85,0,40,75,80,隆鼻 / 手术 / 美容 / 三维优化 / 缩鼻翼 / 医美 / 效果 / 专业,封面标题吸引人，图像清晰，具有一定的专业性和信任感。
LB-44.jpg,15,peek眉弓+8mm鼻基底，美学要点与沟通技巧,手术隆鼻,是,是,70,60,75,50,80,40,85,70,75,80,60,70,85,隆鼻 / 美学 / 沟通技巧 / 手术 / 美容 / 眉弓 / 鼻基底 / 效果,封面通过清晰的标题和视觉对比吸引点击，强调手术效果和专业性。
LB-45.jpg,15,鼻尖顶白了，可以只修复鼻头吗？,手术隆鼻,是,否,70,60,75,50,80,40,70,60,75,0,65,80,85,隆鼻 / 鼻头修复 / 医美 / 美容 / 手术 / 鼻尖 / 整形 / 咨询,封面标题引人关注，清晰的主题和较高的可读性有助于提升点击率。
LB-46.jpg,13,缩鼻翼模版｜“扁塌鼻”终于🈶调整思路啦～,手术隆鼻,是,否,70,60,75,40,80,30,85,70,75,0,60,80,90,缩鼻翼 / 手术隆鼻 / 美容 / 医美 / 调整思路 / 扁塌鼻 / 面部 / 效果,封面展示了专业的医疗环境，标题引人注目，适合吸引点击。
LB-47.jpg,15,皮肤厚软组织多，无材料大鼻头缩小解决思路,手术隆鼻,是,否,70,60,80,50,75,85,90,70,80,0,60,75,90,隆鼻 / 手术 / 美容 / 皮肤 / 鼻头 / 整形 / 医美 / 效果,封面清晰，标题吸引，强调手术效果，适合点击
LB-48.jpg,15,直鼻微翘微驼峰，自然、原生、灵动！,手术隆鼻,是,否,40,30,70,20,80,60,75,50,85,0,40,65,70,隆鼻 / 微整形 / 自然美 / 手术 / 美容 / 面部 / 医美 / 效果,封面展示了微整形效果，标题吸引人，适合点击。
LB-49.jpg,12,再也不怕大鼻孔大鼻头了，拒绝露鼻孔❗️,手术隆鼻,是,否,70,60,75,50,85,40,80,70,90,0,65,80,75,隆鼻 / 医美 / 美容 / 手术 / 大鼻孔 / 面部 / 女性 / 咨询,封面通过强烈的标题和清晰的面部特写吸引点击，情感张力适中。
LB-50.jpg,15,大鼻头宽鼻翼改善思路～,手术隆鼻,是,否,60,50,40,30,70,20,60,50,65,0,40,50,70,隆鼻 / 医美 / 美容 / 手术 / 改善 / 鼻子 / 效果 / 案例,封面标题吸引人，具有一定的情感张力，但缺乏明显的前后对比效果。
LB-51.jpg,15,滑行皮瓣缩鼻翼跟传统鼻翼内外切有什么区别,手术隆鼻,是,否,70,60,80,50,85,40,75,70,80,0,60,75,85,隆鼻 / 手术 / 美容 / 鼻翼 / 医美 / 对比 / 皮瓣 / 传统,封面标题引人注目，具有较强的对比性和专业感，适合吸引点击。
LB-52.jpg,15,-,手术隆鼻,否,否,70,60,80,50,40,10,70,80,50,0,30,75,90,手术 / 隆鼻 / 医美 / 美容 / 整形 / 医生 / 专业 / 效果,封面展示了专业的医疗环境，传达出信任感，但缺乏人脸和对比效果，可能影响点击率。
LB-53.jpg,12,do鼻支架该如何选择？,手术隆鼻,是,是,75,60,80,30,85,40,70,65,80,75,50,85,90,隆鼻 / 鼻支架 / 手术 / 美容 / 选择 / 医美 / 咨询 / 效果,封面清晰且标题吸引，适合引发点击兴趣。
LB-54.jpg,15,鼻模版之直鼻微翘,手术隆鼻,否,否,70,60,75,40,80,60,50,70,85,0,50,65,75,隆鼻 / 微整形 / 美容 / 手术 / 鼻子 / 医美 / 效果 / 模板,封面标题吸引人，具有较强的点击潜力，但缺乏人脸和前后对比图。
LB-55.jpg,15,当你do到了妈生鼻的精髓！！,手术隆鼻,是,否,60,50,70,30,80,40,70,60,75,0,50,65,80,隆鼻 / 手术 / 美容 / 医美 / 效果 / 鼻子 / 变美 / 整形,封面标题吸引眼球，具有较强的点击潜力，但缺乏前后对比效果。
LB-56.jpg,15,关注老宫6年的粉丝从山东过来面诊,手术隆鼻,是,否,75,60,70,50,80,40,70,85,75,0,60,80,90,医美 / 隆鼻 / 面诊 / 山东 / 粉丝 / 信任 / 医生 / 情感,封面通过医生的微笑和信任感吸引观众，标题引发关注和情感共鸣。
LB-57.jpg,12,在上海do到了妈生鼻的精髓……,手术隆鼻,是,是,70,50,60,30,80,20,70,60,75,80,40,65,75,隆鼻 / 手术 / 美容 / 医美 / 上海 / 效果 / 前后对比 / 面部,封面展示了明显的前后对比，标题引人注目，适合吸引点击。
LB-58.jpg,15,怪不得说鼻子是五官之首,手术隆鼻,是,否,70,60,50,40,80,30,70,50,75,0,65,60,80,隆鼻 / 医美 / 美容 / 整形 / 鼻子 / 手术 / 效果 / 前后对比,封面标题引人注目，情感张力较强，适合吸引点击。
LB-59.jpg,15,重度露鼻孔|调整思路|鼻翼缘矫正,手术隆鼻,是,否,60,50,70,30,80,60,90,70,75,0,50,80,85,隆鼻 / 鼻翼 / 整形 / 美容 / 手术 / 调整 / 医美 / 效果,封面标题引人注目，主体突出，具有较强的医疗信任感。
LB-60.jpg,15,鼻翼宽鼻头大终于🈶调整思路啦❗️,手术隆鼻,是,是,70,60,80,50,75,40,85,60,70,90,65,80,75,隆鼻 / 手术 / 美容 / 调整 / 鼻翼 / 鼻头 / 效果 / 前后对比,封面展示了明显的前后对比，吸引用户点击了解手术效果。
LB-61.jpg,15,当你do到了妈生鼻的精髓美学设计！！,手术隆鼻,是,是,70,60,75,40,80,50,85,70,75,80,60,65,70,隆鼻 / 美学 / 手术 / 美容 / 设计 / 效果 / 前后对比 / 鼻子,封面展示了明显的前后对比，吸引用户点击了解手术效果。
LB-62.jpg,15,缩鼻翼5mm模版｜“扁塌鼻”终于🈶调整思路了❗️,手术隆鼻,是,是,70,60,75,50,80,40,85,70,75,90,60,80,85,隆鼻 / 整形 / 美容 / 鼻子 / 手术 / 前后对比 / 医美 / 调整,封面展示了明显的前后对比，吸引观众关注手术效果。
LB-63.jpg,11,直鼻微翘｜妈生鼻到天花板审美思路！！,手术隆鼻,是,否,70,60,50,40,80,20,70,60,75,0,65,75,80,隆鼻 / 微整形 / 美容 / 手术 / 鼻子 / 审美 / 医美 / 效果,封面标题吸引人，面部特征明显，适合引发点击
LB-64.jpg,15,这就是妈生鼻的精髓吗❓,手术隆鼻,是,否,70,60,50,40,80,20,70,60,75,0,50,65,80,隆鼻 / 医美 / 美容 / 手术 / 效果 / 面部 / 护理 / 变美,封面具有较强的标题吸引力和清晰的主题，适合引发点击。
LB-65.jpg,15,6种缩鼻翼方式，看看您适合哪种,手术隆鼻,是,否,70,60,80,30,85,50,75,90,80,0,40,85,90,缩鼻翼 / 手术 / 美容 / 医美 / 选择 / 方式 / 鼻子 / 整形,封面标题吸引人，医疗信任感强，适合点击
LB-66.jpg,11.07,以前和现在，这算成功逆袭了吗？,手术隆鼻,是,是,70,60,50,40,80,30,70,60,75,80,65,70,85,隆鼻 / 逆袭 / 成功 / 美容 / 手术 / 前后对比 / 医美 / 变化,封面展示了明显的前后对比，标题引发好奇心，适合吸引点击。
LB-67.jpg,7.16,歪鼻修复，立体骨相鼻👃,手术隆鼻,是,是,70,60,75,50,80,30,85,70,75,90,60,80,85,鼻子 / 修复 / 手术 / 美容 / 整形 / 对比 / 效果 / 医美,封面展示了明显的前后对比，吸引用户点击了解修复效果。
LB-68.jpg,9.55,当凹面脸决定去do鼻……..,手术隆鼻,是,是,70,60,75,50,80,30,85,60,75,80,65,70,90,隆鼻 / 医美 / 美容 / 手术 / 前后对比 / 脸型 / 效果 / 信任,封面展示了明显的前后对比，吸引观众关注手术效果。
LB-69.jpg,9.81,鼻子太影响颜值了…,手术隆鼻,是,否,70,60,50,40,80,30,70,60,75,0,65,80,70,隆鼻 / 医美 / 美容 / 颜值 / 手术 / 效果 / 改变 / 自信,封面标题引人注目，情感张力较强，适合吸引点击。
LB-70.jpg,8.99,面中拉出4mm的直鼻微翘！！！,手术隆鼻,是,否,70,60,80,30,85,20,75,60,80,0,50,90,85,隆鼻 / 微整形 / 美容 / 手术 / 直鼻 / 面部 / 效果 / 美丽,封面展示了清晰的面部特征，标题吸引眼球，适合吸引点击。
LB-71.jpg,10.63,原来do鼻真的可以换头！！,手术隆鼻,是,是,70,60,80,50,90,30,85,75,85,90,70,80,75,隆鼻 / 手术 / 美容 / 前后对比 / 医美 / 效果 / 换头 / 真实案例,封面展示了明显的前后对比，标题引人注目，具有较强的点击吸引力。
LB-72.jpg,8.33,第一次这么直观😭原相机下真的好自然,手术隆鼻,是,否,70,60,65,50,75,30,80,70,75,0,60,75,80,隆鼻 / 医美 / 自然 / 手术 / 效果 / 直观 / 相机 / 第一次,封面展示了医美手术的自然效果，标题引发好奇，适合吸引点击。
LB-73.jpg,7.61,当你面中凹陷决定去do鼻！,手术隆鼻,是,否,75,60,70,50,80,30,85,60,75,0,65,80,90,隆鼻 / 医美 / 美容 / 手术 / 面部 / 自信 / 变化 / 年轻,封面展示了清晰的面部特征，标题引发好奇，适合吸引点击。
LB-74.jpg,16.49,直鼻微翘微起伏👃～,手术隆鼻,是,否,70,60,50,40,80,20,70,60,75,0,50,65,80,隆鼻 / 微整形 / 美容 / 手术 / 直鼻 / 微翘 / 美丽 / 自信,封面展示了微整形的效果，标题吸引人，适合引发点击。
LB-75.jpg,10.5,再也不用为这个月亮脸自卑了！！,手术隆鼻,是,是,70,60,80,50,85,30,90,75,80,90,70,85,90,隆鼻 / 手术 / 美容 / 自信 / 面部改善 / 前后对比 / 医美 / 月亮脸,封面展示了明显的前后对比，吸引观众关注改善效果。
LB-76.jpg,17.25,论普女do完鼻子改变有多大,手术隆鼻,是,否,60,50,70,40,80,30,70,60,75,0,50,80,70,隆鼻 / 医美 / 改变 / 普女 / 美容 / 手术 / 面部 / 效果,封面展示了面部特征，标题引人关注，适合吸引点击。
LB-77.jpg,9.3,幼态妈生鼻真的好喜欢…,手术隆鼻,是,否,70,60,75,50,80,20,85,60,75,0,65,80,90,隆鼻 / 医美 / 美容 / 年轻 / 效果 / 自信 / 面部 / 变化,封面展示了清晰的面部特征，标题引人注目，适合吸引点击。
LB-78.jpg,40.46,一个鼻子而已 变化能有多大…,手术隆鼻,是,否,70,60,50,40,80,20,70,30,75,0,60,65,80,隆鼻 / 手术 / 变化 / 美容 / 医美 / 效果 / 前后对比 / 自信,封面展示了个人自拍，标题引发好奇，适合吸引点击。
LB-79.jpg,11.35,这鼻子五一回家会被爸妈发现吗！,手术隆鼻,是,否,60,50,70,40,80,30,70,60,75,0,65,80,70,隆鼻 / 手术 / 美容 / 鼻子 / 医美 / 五一 / 家庭 / 发现,标题引发好奇心，面部特征清晰，适合吸引点击。
LB-80.jpg,15.96,原来大鼻头还可以这样,手术隆鼻,是,否,70,60,50,40,80,20,70,60,75,0,50,65,80,隆鼻 / 医美 / 美容 / 手术 / 大鼻头 / 效果 / 前后对比 / 美丽,封面标题吸引人，且有清晰的主题，适合引发点击。
LB-81.jpg,8.58,只是do了个鼻，没想到变化这么大,手术隆鼻,是,是,70,60,80,30,75,40,85,70,80,90,60,75,85,隆鼻 / 手术 / 美容 / 变化 / 面部 / 对比 / 效果 / 医美,封面展示了明显的前后对比，吸引观众关注变化效果。
LB-82.jpg,6.52,面中拉出后得到了妈生侧颜～,手术隆鼻,是,否,70,60,50,40,80,20,70,60,75,0,50,80,70,隆鼻 / 侧颜 / 医美 / 美容 / 手术 / 效果 / 面部 / 变化,封面展示了侧颜，标题引人关注，适合吸引点击。
LB-83.jpg,9.08,当我把面中拉出…,手术隆鼻,是,是,60,50,70,40,80,20,75,60,85,90,50,70,80,隆鼻 / 手术 / 美容 / 前后对比 / 面部 / 医美 / 效果 / 案例,封面展示了明显的前后对比，吸引用户点击了解手术效果。
LB-84.jpg,6.71,我承认 以前的鼻子确实丑了点,手术隆鼻,是,是,75,60,70,50,80,30,85,70,75,90,60,80,85,隆鼻 / 手术 / 美容 / 前后对比 / 医美 / 信任 / 效果 / 年轻,封面展示了明显的前后对比，增强了点击吸引力。
LB-85.jpg,9.25,当我 do 了个露思同款鼻…,手术隆鼻,是,否,70,60,75,50,80,40,85,70,75,0,60,80,90,隆鼻 / 医美 / 美容 / 手术 / 效果 / 护理 / 变美 / 露思,封面展示了手术过程，吸引对医美感兴趣的用户点击。
LB-86.jpg,15.44,像她三分已是绝色,手术隆鼻,是,否,70,60,75,50,80,30,85,40,75,0,60,70,80,隆鼻 / 医美 / 美容 / 绝色 / 手术 / 变美 / 面部 / 女性,封面展示了清晰的面部特征，标题吸引人，适合医美主题。
LB-87.jpg,9.15,没想到do鼻后颜值能提升这么多…,手术隆鼻,是,是,70,60,75,50,80,30,85,70,75,90,60,80,85,隆鼻 / 美容 / 手术 / 前后对比 / 颜值提升 / 医美 / 效果 / 案例,封面展示了明显的前后对比，吸引观众关注手术效果。
LB-88.jpg,12.5,直观感受面中拉出40%的震撼！！,手术隆鼻,是,否,70,50,60,30,80,40,70,60,75,0,50,65,80,隆鼻 / 手术 / 美容 / 医美 / 震撼 / 效果 / 面部 / 变化,封面通过震撼的标题和清晰的主题吸引点击，具备较强的视觉冲击力。
LB-89.jpg,16.55,原相机妈生鼻｜双拱支架 随意揉捏～,手术隆鼻,是,否,70,60,75,50,80,40,70,60,75,0,65,80,70,隆鼻 / 手术 / 美容 / 医美 / 鼻子 / 效果 / 整形 / 护理,封面展示了手术过程，标题吸引人，具有较强的点击潜力。
LB-90.jpg,7.77,深圳妈生感微起伏鼻，值吗？,手术隆鼻,是,否,70,50,60,40,80,20,75,60,70,0,50,80,90,隆鼻 / 医美 / 深圳 / 微整形 / 美容 / 手术 / 鼻子 / 效果,封面清晰，标题吸引人，适合引发点击
LB-91.jpg,35.03,成都鼻修复|这次鼻子只能给到一个夯了,手术隆鼻,是,否,70,60,75,50,80,20,85,60,75,0,65,80,90,鼻修复 / 手术 / 美容 / 成都 / 整形 / 面部 / 效果 / 专业,封面展示了清晰的面部特征，标题引人注目，适合吸引点击。
LB-92.jpg,15.95,📷原相机感受拉出面中的含金量,手术隆鼻,是,是,30,20,50,40,70,30,60,50,65,80,40,50,60,隆鼻 / 手术 / 美容 / 面部 / 效果 / 对比 / 原相机 / 含金量,封面展示了明显的对比效果，吸引用户点击了解手术效果。
LB-93.jpg,15.66,面中拉出40%的含金量….,手术隆鼻,是,否,30,20,50,10,70,10,60,80,75,0,40,65,50,隆鼻 / 手术 / 美容 / 医美 / 效果 / 专业 / 信任 / 面部,封面展示了专业的医美手术环境，标题吸引人，具有较强的点击潜力。
LB-94.jpg,13.34,直鼻微翘📷原相机live图直出,手术隆鼻,是,否,70,60,75,50,80,30,85,60,75,0,40,80,70,隆鼻 / 微翘 / 手术 / 美容 / 直鼻 / 原相机 / live图 / 效果,封面展示了清晰的面部特征，标题吸引人，适合医美主题。
LB-95.jpg,7.23,成都周顺波 隆鼻届权威的代表！,手术隆鼻,是,否,75,60,70,50,80,30,85,70,75,0,60,80,90,隆鼻 / 医美 / 成都 / 权威 / 美容 / 手术 / 专业 / 信任,封面展示了专业人士，增强了信任感和点击欲望。
LB-96.jpg,13.11,啊啊啊！谁懂这个👃的含金量啊！,手术隆鼻,是,是,70,60,80,50,75,20,85,70,80,90,60,75,85,隆鼻 / 医美 / 美容 / 手术 / 效果 / 前后对比 / 面部 / 信任,封面展示了明显的面部特征和对比效果，吸引点击。
LB-97.jpg,18.04,成都隆鼻微起伏|4mm拉面中，上镜骨感高级,手术隆鼻,是,是,60,50,70,30,80,40,90,70,85,90,60,75,80,隆鼻 / 微整形 / 美容 / 成都 / 手术 / 对比 / 效果 / 高级,封面展示了明显的前后对比，吸引点击的潜力较高。
LB-98.jpg,29.59,成都鼻修复｜隆鼻怎么可能找谁都一样,手术隆鼻,是,否,70,50,60,40,80,30,70,60,75,0,50,65,80,鼻修复 / 隆鼻 / 医美 / 成都 / 美容 / 手术 / 整形 / 效果,封面展示了医美手术过程，标题引人关注，适合吸引点击。
LB-99.jpg,21.04,成都微起伏|把我推给所有需要鼻修复的妹妹,手术隆鼻,是,否,70,60,50,40,80,30,70,60,75,0,50,65,80,隆鼻 / 鼻修复 / 医美 / 成都 / 美容 / 手术 / 女性 / 推荐,封面具有较强的吸引力和清晰度，适合吸引目标受众点击。
LB-100.jpg,38.29,成都鼻修复|被妈生高级感拿捏了~,手术隆鼻,是,否,70,60,75,50,80,20,85,70,75,0,60,80,90,鼻修复 / 手术 / 美容 / 成都 / 高颜值 / 医美 / 术后效果 / 专业,封面展示了专业的手术过程，吸引关注和信任。
LB-101.jpg,51.05,成都周顺波｜3个部位改善面中凹陷,手术隆鼻,是,是,70,60,75,50,80,40,85,70,75,80,60,70,80,医美 / 隆鼻 / 面部改善 / 成都 / 美容 / 手术 / 效果对比 / 专业,封面展示了面部改善效果，标题吸引人，具有较强的点击潜力。
LB-102.jpg,24.25,成都隆鼻微起伏|4mm拉面中，上镜骨感高级,手术隆鼻,是,是,60,50,70,30,80,40,90,70,85,75,60,80,75,隆鼻 / 微整形 / 美容 / 成都 / 手术 / 效果图 / 面部 / 高级,封面展示了明显的前后对比，吸引用户关注手术效果。
LB-103.jpg,29.03,成都上镜骨感鼻|高辨识度的高级感！！,手术隆鼻,是,否,70,60,50,40,80,20,70,60,75,0,50,65,80,隆鼻 / 医美 / 成都 / 高级感 / 美容 / 手术 / 面部 / 变化,封面展示了面部特征，标题吸引人，整体视觉效果较好，适合吸引点击。
LB-104.jpg,36.8,成都隆鼻｜终于拥有了权威的骨相侧脸了！！,手术隆鼻,是,否,70,50,80,40,85,20,90,60,75,0,65,85,90,隆鼻 / 成都 / 美容 / 手术 / 侧脸 / 权威 / 效果 / 医美,封面展示了清晰的侧脸，标题吸引人，整体视觉效果强烈，适合吸引点击。
LB-105.jpg,59.88,成都上镜骨感鼻！隆鼻的尽头就是自然高级,手术隆鼻,是,否,40,30,70,20,80,10,60,50,75,0,40,60,50,隆鼻 / 自然 / 高级 / 美容 / 成都 / 手术 / 面部 / 效果,封面展示了隆鼻效果，标题吸引人，整体对点击有积极影响。
LB-106.jpg,20.22,短塌鼻逆袭思路,手术隆鼻,是,否,70,60,50,40,80,30,70,60,75,0,50,65,80,隆鼻 / 医美 / 美容 / 短鼻 / 逆袭 / 手术 / 效果 / 案例,封面标题吸引人，面部特征突出，整体清晰度较高，适合引发点击。
LB-107.jpg,16.98,肋骨直鼻微翘👃精致上镜鼻型,手术隆鼻,是,否,75,60,70,50,80,30,85,70,75,0,60,80,90,隆鼻 / 微整形 / 美容 / 医美 / 鼻型 / 精致 / 手术 / 肋骨,封面展示了清晰的鼻部特征，标题吸引人，整体视觉效果良好，适合吸引点击。
LB-108.jpg,25.23,当你do到妈生鼻的精髓后……,手术隆鼻,是,否,70,60,50,40,80,20,70,60,75,0,50,80,70,隆鼻 / 医美 / 美容 / 手术 / 效果 / 变美 / 自信 / 女性,封面具有较强的标题吸引力和清晰的构图，适合吸引点击。
LB-109.jpg,12.82,这就是无假体隆鼻👃的含金量吗……,手术隆鼻,是,否,70,60,75,50,80,30,85,60,75,0,65,80,90,隆鼻 / 无假体 / 医美 / 美容 / 手术 / 效果 / 真实案例 / 面部,封面展示了真实的面部特征，标题引人注目，适合吸引点击。
LB-110.jpg,39.68,do鼻7天，拆盲盒来了,手术隆鼻,是,否,70,60,50,40,80,30,70,60,75,0,50,65,80,隆鼻 / 医美 / 拆盲盒 / 美容 / 手术 / 效果 / 护理 / 7天,封面标题吸引人，展示了手术过程，具有一定的情感张力和清晰度。
LB-111.jpg,22.94,深圳do鼻，值吗？,手术隆鼻,是,是,70,60,80,30,75,40,85,70,80,75,60,90,85,鼻整形 / 深圳 / 手术 / 美容 / 隆鼻 / 医美 / 效果 / 案例,封面清晰展示了鼻部特征，标题引发好奇，适合吸引点击。
LB-112.jpg,69.21,深圳隆鼻模板,手术隆鼻,是,是,70,60,75,50,80,30,85,70,75,80,60,90,85,隆鼻 / 手术 / 美容 / 整形 / 深圳 / 模板 / 效果 / 前后对比,封面展示了明显的前后对比，吸引用户点击了解隆鼻效果。
LB-113.jpg,53.03,深圳拉面中丨凹面型扁平脸改善思路,手术隆鼻,是,否,30,20,70,10,60,40,80,50,70,0,40,60,50,隆鼻 / 扁平脸 / 改善 / 深圳 / 医美 / 手术 / 美容 / 面部,封面展示了面部侧影，突出手术改善效果，吸引关注。
LB-114.jpg,6.95,4mm假体拉面中，深圳微起伏上镜骨感鼻,手术隆鼻,是,否,70,50,80,30,75,20,85,60,70,0,40,90,80,隆鼻 / 微整形 / 深圳 / 假体 / 美容 / 骨感 / 手术 / 美丽,封面清晰展示了鼻部特征，标题吸引眼球，适合点击。
LB-115.jpg,42.01,深圳do鼻丨面中凹陷改善思路,手术隆鼻,是,否,70,60,75,50,80,20,85,70,75,0,40,80,90,隆鼻 / 医美 / 深圳 / 美容 / 手术 / 面部 / 改善 / 效果,封面展示了清晰的侧脸，突出鼻部改善，标题引人注目，适合吸引点击。
LB-116.jpg,35.12,深圳do鼻微起伏|4mm拉面中，上镜骨感高级,手术隆鼻,是,否,70,60,75,50,80,30,85,70,75,0,60,80,90,隆鼻 / 医美 / 深圳 / 美容 / 手术 / 微整 / 效果 / 高级,封面展示了清晰的面部特征，标题吸引人，适合医美类内容。
LB-117.jpg,1.0271,杭州do鼻|外国人do鼻前后差距有多大？,手术隆鼻,是,是,70,60,75,40,80,50,70,60,85,80,65,75,70,隆鼻 / 美容 / 手术 / 前后对比 / 外国人 / 杭州 / 变化 / 效果,封面标题引人注目，展示了明显的前后对比，适合吸引点击。
LB-118.jpg,84.67,找杭州do鼻之神切换风格,手术隆鼻,是,是,70,60,75,50,80,40,85,60,75,70,65,80,75,隆鼻 / 医美 / 杭州 / 风格切换 / 美容 / 手术 / 效果对比 / 时尚,封面展示了明显的风格对比，吸引观众点击了解更多。
LB-119.jpg,91.07,不用惊讶 一款美鼻直接活出两种人生,手术隆鼻,是,是,75,60,80,50,85,40,90,70,80,90,65,85,75,隆鼻 / 美鼻 / 手术 / 美容 / 前后对比 / 女性 / 变美 / 医美,封面展示了明显的前后对比，吸引观众关注美鼻效果，标题引人入胜。
LB-120.jpg,28.44,适配脸型的微起伏鼻,手术隆鼻,是,否,70,60,75,50,80,20,85,70,75,0,60,80,90,微整形 / 隆鼻 / 美容 / 脸型 / 手术 / 效果 / 医美 / 美丽,封面展示了清晰的侧脸，突出了鼻部变化，吸引点击。
LB-121.jpg,81.28,破防了！原来ai都算不出的黄金比例，藏在这里,手术隆鼻,是,否,70,60,75,50,80,20,85,70,75,0,65,80,90,隆鼻 / 黄金比例 / 医美 / 手术 / 美容 / 面部 / AI / 效果,封面展示了专业医生与模特的互动，强调了手术效果和专业性，吸引点击。
LB-122.jpg,74.08,用色彩打开你的鼻模版,手术隆鼻,是,是,60,70,80,50,75,30,85,60,70,80,65,75,80,隆鼻 / 医美 / 美容 / 手术 / 效果 / 前后对比 / 色彩 / 鼻子,封面通过色彩和前后对比吸引眼球，增强点击率潜力。
LB-123.jpg,56.57,鼻修复依旧选他！,手术隆鼻,是,否,70,60,75,50,80,20,85,70,75,0,60,80,90,鼻修复 / 手术隆鼻 / 美容 / 医美 / 效果图 / 专业 / 信任 / 案例,封面展示了专业医生与患者的互动，强调了手术效果和信任感，吸引点击。
LB-124.jpg,55.45,do鼻后不贴胶带等于白做！,手术隆鼻,是,否,70,60,50,40,80,30,70,60,75,0,50,65,80,隆鼻 / 医美 / 手术 / 美容 / 效果 / 胶带 / 前后对比 / 信号,标题引人注目，图像清晰，适合吸引点击。
LB-125.jpg,40.18,妈生感直鼻微翘模版❗️❗️❗️,手术隆鼻,是,否,70,60,50,40,80,30,70,60,75,0,50,80,90,隆鼻 / 微整形 / 美容 / 手术 / 鼻型 / 模特 / 效果 / 美丽,封面展示了微整形效果，标题吸引眼球，整体清晰度高。
LB-126.jpg,56.81,直鼻模版～,手术隆鼻,是,否,75,60,80,50,70,40,85,60,75,0,65,80,70,隆鼻 / 手术 / 美容 / 模特 / 面部 / 效果 / 直鼻 / 美丽,封面展示了清晰的面部特征，吸引眼球的标题和良好的构图，适合吸引点击。
LB-127.jpg,6.82,大鼻头缩小 别再傻傻只切鼻头了！,手术隆鼻,是,是,70,60,80,50,85,40,90,75,80,70,60,85,90,隆鼻 / 医美 / 美容 / 手术 / 鼻头缩小 / 效果对比 / 面部 / 信任,封面清晰且具有吸引力，标题引人注目，适合吸引点击。
LB-128.jpg,39.68,do鼻7天，拆盲盒来了,手术隆鼻,是,否,70,60,50,40,80,30,70,60,75,0,50,65,80,隆鼻 / 医美 / 拆盲盒 / 美容 / 手术 / 效果 / 7天 / 变化,封面标题吸引眼球，展示了医美过程，具有较强的点击潜力。
LB-129.jpg,31.16,这才是扁平脸塌鼻子 正确do鼻思路！,手术隆鼻,是,否,40,30,70,20,80,60,75,50,85,0,40,65,70,扁平脸 / 塌鼻子 / 隆鼻 / 手术 / 美容 / 医美 / 鼻子 / 整形,封面标题吸引人，突出手术主题，适合医美领域
LB-130.jpg,54.89,妈生鼻也有微起伏了？悄悄变美do鼻模板！,手术隆鼻,是,否,70,60,75,40,80,50,85,70,75,0,60,80,70,隆鼻 / 微整形 / 变美 / 鼻子 / 手术 / 美容 / 效果 / 模板,封面展示了微整形效果，吸引用户关注鼻部变化，标题引发好奇心。
LB-131.jpg,60.66,如何设计出好看的鼻子？深圳do鼻模板！,手术隆鼻,是,否,70,50,80,30,85,60,90,75,80,0,40,85,70,隆鼻 / 手术 / 美容 / 深圳 / 鼻子设计 / 医美 / 效果图 / 整形,封面展示了鼻部设计的专业性，吸引对隆鼻手术感兴趣的用户点击。
LB-132.jpg,33.93,深圳微起伏鼻 皮相逆袭骨相 颜值从拉到夯！,手术隆鼻,是,否,70,60,75,50,80,30,85,70,75,0,60,80,90,微整形 / 隆鼻 / 美容 / 医美 / 深圳 / 颜值 / 手术 / 效果,封面展示了清晰的面部特征和专业的医美操作，吸引点击。
LB-133.jpg,16.44,直鼻微翘微起伏👃～,手术隆鼻,是,否,70,60,50,40,80,20,70,60,75,0,50,65,80,隆鼻 / 微整形 / 美容 / 手术 / 直鼻 / 微翘 / 面部 / 效果,封面展示了微整形效果，标题吸引人，适合点击。
LB-134.jpg,9.27,幼态妈生鼻真的好喜欢…,手术隆鼻,是,否,70,60,75,50,80,20,85,60,75,0,65,80,90,隆鼻 / 医美 / 美容 / 年轻 / 女性 / 手术 / 效果 / 自信,封面展示了清晰的面部特征，标题引发好奇心，适合吸引点击。
LB-135.jpg,8.58,只是do了个鼻，没想到变化这么大,手术隆鼻,是,是,60,50,70,40,80,30,75,60,85,90,70,80,75,隆鼻 / 手术 / 变化 / 美容 / 医美 / 效果 / 前后对比 / 案例,封面展示了明显的前后对比，标题引人注目，具有较强的点击吸引力。
LB-136.jpg,62.91,do鼻后只喜欢素颜出门！,手术隆鼻,是,否,70,60,75,50,80,30,85,60,75,0,65,80,70,素颜 / 隆鼻 / 医美 / 美容 / 手术 / 效果 / 自信 / 美丽,封面展示了清晰的面部特征，标题引人注目，适合吸引点击。
LB-137.jpg,11.93,超自然的直鼻微翘微起伏～,手术隆鼻,是,是,70,60,75,50,80,30,85,60,75,70,65,80,90,隆鼻 / 微整形 / 美容 / 手术 / 效果 / 自然 / 前后对比 / 美丽,封面展示了手术效果，吸引点击的潜力较高。
LB-138.jpg,11.42,鼻子拉出面中后气质都变了！,手术隆鼻,是,是,70,60,75,50,80,30,85,60,75,70,65,80,90,隆鼻 / 气质 / 手术 / 美容 / 面部 / 变化 / 效果 / 前后对比,封面展示了明显的面部特征变化，标题引人注目，适合吸引点击。
LB-139.jpg,9.49,终于也有漂亮的鼻子了👃,手术隆鼻,是,否,70,60,75,50,80,30,85,60,75,0,65,80,90,隆鼻 / 医美 / 美容 / 手术 / 鼻子 / 效果 / 自拍 / 变化,封面展示了清晰的面部特征和吸引人的标题，具有较强的点击潜力。
LB-140.jpg,8.27,微起伏｜正面侧面都好看的鼻子！,手术隆鼻,是,否,70,60,80,50,75,30,85,60,70,0,40,90,80,隆鼻 / 医美 / 美容 / 鼻子 / 侧面 / 正面 / 手术 / 效果,封面展示了清晰的鼻部特征，标题吸引人，适合医美主题。
LB-141.jpg,48.91,成都隆鼻|立体上镜轻松拿下,手术隆鼻,是,否,70,60,75,50,80,30,85,70,75,0,60,80,90,隆鼻 / 医美 / 成都 / 美容 / 手术 / 上镜 / 轻松 / 效果,封面展示了清晰的面部特征，标题吸引人，适合医美项目宣传。
LB-142.jpg,39.67,成都上镜骨感鼻｜塑造权威侧颜,手术隆鼻,是,否,75,50,80,30,70,20,85,60,75,0,40,90,80,隆鼻 / 侧颜 / 医美 / 成都 / 美容 / 手术 / 权威 / 上镜,封面展示了清晰的侧颜，强调了鼻部轮廓，吸引点击。
LB-143.jpg,50.86,3步！轻松打造高级立体的骨感鼻,手术隆鼻,是,否,70,60,75,40,85,30,80,60,90,0,50,75,80,隆鼻 / 手术 / 美容 / 骨感 / 立体 / 轻松 / 步骤 / 效果,封面标题吸引力强，视觉效果清晰，适合吸引点击。
LB-144.jpg,40.43,成都上镜骨感鼻|立体高级，妈生自然～,手术隆鼻,是,是,75,60,70,40,80,30,85,70,75,80,60,90,85,隆鼻 / 成都 / 自然 / 美丽 / 手术 / 高颜值 / 面部 / 时尚,封面展示了清晰的面部特征和吸引人的标题，增强了点击率潜力。
LB-145.jpg,29.03,成都上镜骨感鼻|高辨识度的高级感！！,手术隆鼻,是,否,70,60,50,40,80,20,70,60,75,0,50,65,80,隆鼻 / 医美 / 成都 / 高级感 / 美容 / 面部 / 手术 / 效果,封面展示了面部特征，标题吸引力强，适合医美主题。
LB-146.jpg,11.14,以前和现在，这算成功逆袭了吗？,手术隆鼻,是,是,70,50,60,40,80,30,70,60,75,80,50,65,75,手术 / 隆鼻 / 成功 / 逆袭 / 前后对比 / 美容 / 医美 / 变化,封面展示了明显的前后对比，标题引人关注，适合吸引点击。
LB-147.jpg,7.15,歪鼻修复，立体骨相鼻👃,手术隆鼻,是,是,70,60,75,40,80,30,85,70,75,90,60,80,75,鼻修复 / 手术 / 美容 / 整形 / 立体 / 效果 / 案例 / 医美,封面展示了明显的鼻部修复效果，吸引点击关注。
LB-148.jpg,25.5,原来短塌鼻对于侧颜的影响这么大啊！！,手术隆鼻,是,否,70,50,60,30,80,40,70,60,75,0,50,65,80,隆鼻 / 侧颜 / 医美 / 短塌鼻 / 手术 / 效果 / 美容 / 影响,封面标题引人注目，强调短塌鼻对侧颜的影响，具有较强的点击吸引力。
LB-149.jpg,9.54,当凹面脸决定去do鼻……..,手术隆鼻,是,是,75,60,70,50,80,20,85,60,75,90,65,80,70,隆鼻 / 医美 / 美容 / 手术 / 前后对比 / 脸型 / 效果 / 案例,封面展示了明显的前后对比，吸引观众关注手术效果。
LB-150.jpg,6.88,侧颜逆袭‼️月亮脸终于有救了…,手术隆鼻,是,是,70,60,75,50,80,30,85,70,75,80,65,80,90,侧颜 / 隆鼻 / 医美 / 美容 / 月亮脸 / 手术 / 效果 / 逆袭,封面通过强烈的标题和明显的侧颜对比吸引点击，情感张力适中。
LB-151.jpg,8.28,当面中凹陷决定去做鼻子……,手术隆鼻,是,否,70,50,60,30,80,40,70,60,75,0,50,80,90,隆鼻 / 手术 / 美容 / 面部 / 变化 / 信任 / 效果 / 前后,封面展示了面部特征，标题引发好奇，适合吸引点击。
LB-152.jpg,6.75,下巴设计I凸嘴直接干成高冷美女…,手术隆鼻,是,是,70,50,60,30,80,40,70,60,75,80,65,75,85,下巴设计 / 隆鼻 / 高冷美女 / 医美 / 美容 / 手术 / 前后对比 / 女性,封面展示了明显的前后对比，吸引观众关注医美效果。
LB-153.jpg,15.3,天呐！鼻子挛缩成这样到底该怎么办？,手术隆鼻,是,是,70,60,80,50,90,30,85,75,90,80,70,85,80,隆鼻 / 手术 / 美容 / 鼻子 / 前后对比 / 医美 / 整形 / 护理,封面通过强烈的标题和清晰的前后对比吸引点击，情感张力适中。
LB-154.jpg,14.95,当面中凹陷决定去do鼻！👃,手术隆鼻,是,否,70,60,50,40,80,30,70,60,75,0,50,80,90,隆鼻 / 医美 / 手术 / 美容 / 面部 / 效果 / 前后对比 / 信任,封面展示了面部特征，标题引人注目，适合吸引点击。
LB-155.jpg,99.54,当我用韩女审美来设计自己的鼻子,手术隆鼻,是,否,70,60,50,40,80,20,70,60,75,0,50,80,70,隆鼻 / 韩女审美 / 手术 / 美容 / 整形 / 自信 / 变化 / 前后对比,封面展示了个人自信的变化，标题引人注目，适合吸引点击。
LB-156.jpg,10.83,谁懂高级感骨相鼻的👃美学思路～,手术隆鼻,是,否,70,60,75,50,80,30,85,60,75,0,65,80,70,隆鼻 / 美学 / 高级感 / 手术 / 美容 / 面部 / 鼻子 / 医美,封面展示了面部特征，标题引人注目，适合吸引点击。
LB-157.jpg,8.1,原来面中凹陷对颜值的影响这么大...,手术隆鼻,是,否,70,60,75,40,80,30,85,70,75,0,60,80,90,隆鼻 / 面部 / 美容 / 手术 / 颜值 / 凹陷 / 短鼻 / 月亮脸,封面展示了面部侧影，强调了手术效果，标题引发好奇心，适合吸引点击。
LB-158.jpg,7.99,骨相感鼻👃,手术隆鼻,是,否,70,60,80,30,75,20,85,60,70,0,50,75,65,隆鼻 / 医美 / 美容 / 手术 / 鼻子 / 效果 / 整形 / 面部,封面展示了清晰的面部特征，吸引眼球的标题和高对比度，适合吸引点击。
LB-159.jpg,22.62,不填充拉出面中思路,手术隆鼻,是,否,60,50,70,30,40,20,80,60,50,0,30,70,80,隆鼻 / 手术 / 美容 / 医美 / 面部 / 效果 / 前后对比 / 专业,封面展示了手术效果，面部特征明显，吸引关注。
LB-160.jpg,28.14,一个幼态又气质的鼻子应具备哪些特点？,手术隆鼻,是,否,70,60,50,40,80,30,70,60,75,0,50,65,80,隆鼻 / 气质 / 幼态 / 美容 / 手术 / 特点 / 面部 / 医美,封面标题吸引人，面部特征突出，适合医美主题
zs-001.png,22,全脸韧带提升|1ml小剂量如何实现大效果,,是,否,75,60,80,30,85,40,90,70,80,0,50,85,90,医美 / 提升 / 小剂量 / 效果 / 全脸 / 美容 / 微调 / 护肤,封面清晰突出，标题吸引人，适合引发点击。
zs-002.png,14,哈尔滨抗衰微调提升遇到她!简直太香了~,,是,是,70,60,75,50,80,40,70,65,75,80,60,70,85,抗衰 / 微调 / 美容 / 哈尔滨 / 提升 / 医美 / 效果 / 信任,封面通过强烈的标题和清晰的视觉元素吸引点击，展现了医美效果的对比。
zs-003.jpg,15,她审美太绝了吧，不枉费12小时上海飞深圳!,,是,是,75,60,70,50,80,30,85,70,75,80,65,90,85,医美 / 美容 / 深圳 / 上海 / Vlog / 面部 / 审美 / 变化,封面展示了清晰的面部特征和强烈的情感吸引力，标题引人注目。
zs-004.jpg,16,山东人从不弄虚作假!微调福利~限时开启,,是,是,75,60,80,50,85,70,90,60,80,75,65,85,90,医美 / 微调 / 山东 / 限时 / 美容 / 案例 / 信任 / 优惠,封面通过清晰的面部特写和吸引人的标题增强了点击吸引力。
zs-005.jpg,13,网上看一百个案例，不如线下面诊一次,,是,否,70,60,75,50,80,40,85,70,75,0,60,80,90,医美 / 面诊 / 案例 / 信任 / 效果 / 咨询 / 美容 / 专业,封面通过清晰的面部特写和引人注目的标题吸引点击，具有较强的信任感和情感张力。
zs-006.jpg,13,30而立进京皮贴骨|很迷人因为她擅长做自已,,是,否,75,60,80,50,70,20,85,60,75,0,65,80,90,医美 / 皮肤 / 美容 / 护肤 / 魅力 / 年轻 / 自信 / 进京,封面展示了清晰的面部特征，吸引眼球，标题引发好奇心。
zs-007.jpg,11,这位北二环70年捏脸战神超🐮谁还去别地啊,,是,否,70,60,75,50,85,40,70,60,80,0,65,75,80,捏脸 / 医美 / 北二环 / 美容 / 战神 / 超牛 / 整形 / 效果,封面标题吸引眼球，具有较强的点击潜力，且人物清晰可见。
zs-008.jpg,11,从下巴后缩小肉脸到大帅踢，这双手太权威了,,是,是,60,70,80,50,75,60,85,40,70,80,65,75,70,医美 / 变美 / 前后对比 / 自信 / 手术 / 效果 / 年轻 / 梦想,封面展示了明显的前后对比，吸引观众关注变美效果。
zs-009.jpg,19,所以，谁才是微调界的神!,,是,是,75,70,80,60,85,60,90,70,80,75,65,85,90,微调 / 美容 / 对比 / 信任 / 吸引 / 面部 / 效果 / 广州,封面通过鲜明的对比和吸引人的标题增强了点击率潜力。
zs-010.jpg,10,第①视角体验当捏脸大师!垮脸收紧,,是,否,70,60,50,40,80,20,70,60,75,0,50,65,80,医美 / 捏脸 / 美容 / 体验 / 收紧 / 垮脸 / 专业 / 信任,封面展示了专业的医美操作，标题引人注目，适合吸引点击。
zs-011.jpg,10.75,短鼻朝天鼻，1支延长鼻尖，抬高鼻背~,,是,是,70,60,75,50,80,40,85,70,75,90,60,80,85,医美 / 鼻部 / 整形 / 美容 / 效果对比 / 短鼻 / 朝天鼻 / 延长鼻尖,封面展示了明显的前后对比，吸引用户点击了解更多信息。
zs-012.jpg,31.03,1.5ml/支的Radiesse，这样打一滴都不浪费!,,是,否,70,60,75,40,80,60,85,70,75,0,65,80,90,医美 / Radiesse / 美容 / 面部提升 / 注射 / 护肤 / 效果图 / 年轻化,封面清晰突出，标题吸引人，具备较强的点击潜力。
zs-013.jpg,10.41,口角囊袋、法令纹，这样打就平了!,,是,否,70,60,80,30,85,70,90,60,80,0,75,85,90,医美 / 口角囊袋 / 法令纹 / 美容 / 护肤 / 效果图 / 年轻 / 改善,封面清晰突出重点，标题吸引人，适合引发点击
zs-014.jpg,9.12,脸垮才打?你错得离谱,,是,否,70,60,75,50,80,40,70,60,85,0,65,75,80,医美 / 面部 / 美容 / 注射 / 抗衰 / 护肤 / 塑形 / 效果,封面标题引人注目，具有较强的点击吸引力，整体视觉效果清晰明了。
zs-015.jpg,13.88,塑妍萃百支大师|有效抗衰思路详细解析!!,,是,否,70,60,80,50,85,40,75,90,80,0,60,75,85,抗衰 / 医美 / 塑形 / 大师 / 有效 / 思路 / 解析 / 美容,封面具有较强的专业性和吸引力，标题引人注目，适合吸引点击。
zs-016.jpg,8.12,天后童颜塑妍萃的全脸高收益打法~,,是,否,70,60,80,50,75,70,60,80,75,0,65,70,85,医美 / 童颜 / 抗衰 / 塑形 / 美容 / 护肤 / 高收益 / 注射,封面通过清晰的文字和医疗信号吸引点击，情感张力适中。
zs-017.jpg,7.75,轻盈灵动感|瑞蓝定采限时特惠,,是,否,75,60,70,50,80,40,85,70,75,0,65,80,90,医美 / 瑞蓝 / 特惠 / 轻盈 / 美容 / 护肤 / 提升 / 限时,封面展示了清晰的面部特征和吸引人的标题，具有较强的点击潜力。
zs-018.jpg,11.99,苏州微调绝了!素颜都巨好看,,是,否,70,60,50,40,80,30,90,70,75,0,60,85,80,微调 / 素颜 / 好看 / 医美 / 苏州 / 美容 / 护肤 / 效果,封面展示了清晰的面部特征，标题吸引人，适合引发点击。
zs-019.jpg,8.76,李花停的眼睛就是尺,,是,否,70,60,75,50,80,40,85,30,75,0,65,80,70,医美 / 眼睛 / 美容 / 上海 / 年轻 / 女性 / 效果 / 推荐,封面通过强烈的标题和清晰的主体吸引点击，情感张力适中。
zs-020.jpg,8.26,宁波轮廓眼周微调，小剂量就ok!,,是,否,70,60,65,50,75,30,80,70,75,0,40,85,90,医美 / 微调 / 眼周 / 宁波 / 小剂量 / 美容 / 效果 / 信任,封面清晰，标题吸引，适合医美类点击
zs-021.jpg,9.13,口周松垮垂?动态支撑网实现口周年轻,,是,是,70,60,75,40,80,50,85,70,75,80,60,90,85,医美 / 口周 / 年轻 / 动态支撑网 / 美容 / 护肤 / 提升 / 效果,封面通过清晰的面部特写和吸引人的标题，增强了点击吸引力。
zs-022.jpg,14.32,口周抗衰用什么材料扛得住?,,是,否,70,60,80,50,75,40,70,60,80,0,65,75,85,抗衰 / 医美 / 口周 / 材料 / 护肤 / 美容 / 效果 / 年轻,封面通过清晰的标题和高对比度吸引点击，具备较强的情感张力。
zs-023.jpg,11.13,30+面部松垮垂|塑妍萃快速提升上镜皮贴骨,,是,是,70,60,80,40,75,50,85,70,80,90,65,75,80,医美 / 面部提升 / 皮肤护理 / 美容 / 抗衰老 / 塑形 / 效果对比 / 上镜,封面通过清晰的对比和专业的视觉元素吸引点击，强调效果和信任感。
zs-024.jpg,8.87,口周衰老别盲目填，这可是张“动态网”,,是,否,70,50,60,30,80,40,70,60,75,20,50,80,85,口周衰老 / 动态网 / 医美 / 填充 / 微笑 / 护肤 / 美容 / 效果,封面清晰，标题吸引人，具备较强的点击潜力。
zs-025.jpg,17.26,塑妍萃vs优法兰🔥看完这3点再不纠结,,是,否,60,70,80,50,85,75,90,70,80,0,65,75,80,医美 / 塑妍萃 / 优法兰 / 对比 / 效果 / 美容 / 治疗 / 选择,封面标题引人注目，内容清晰，具有较强的视觉冲击力和信任感。
zs-026.jpg,7.45,干皮、细纹、暗沉!就这个组合!,,是,否,70,60,75,50,80,40,70,60,75,0,65,80,70,干皮 / 细纹 / 暗沉 / 医美 / 护肤 / 美容 / 产品推荐 / 效果图,封面通过清晰的产品展示和引人注目的标题吸引点击，具有较强的情感张力。
zs-027.jpg,8.77,眼周抗衰新武器一上瘾红来啦!,,是,否,75,70,80,60,85,40,70,60,80,0,65,75,90,抗衰 / 眼周 / 美容 / 护肤 / 新武器 / 上瘾 / 红 / 医美,封面通过鲜明的色彩和引人注目的标题吸引点击，具有较高的情感张力和清晰度。
zs-028.jpg,7.23,沈阳微调的故事在此刻开启,,是,是,60,40,70,30,75,20,80,60,70,85,50,90,80,微调 / 医美 / 沈阳 / 美容 / 前后对比 / 故事 / 效果 / 信任,封面展示了明显的前后对比，吸引观众关注微调效果。
zs-029.jpg,12.72,小预算也能全脸轮廓提升 还原年轻态~,,是,否,60,50,70,30,80,40,90,60,75,0,50,80,85,医美 / 轮廓提升 / 年轻态 / 小预算 / 美容 / 效果 / 状态回春 / 提升,封面突出年轻态和预算友好的特点，吸引点击。
zs-030.jpg,7.4,上海聂婕|微调顶~流,,是,否,70,60,75,50,80,30,85,70,75,0,60,80,90,医美 / 微调 / 美容 / 上海 / 护肤 / 流行 / 时尚 / 年轻,封面展示了清晰的面部特征和吸引人的标题，具有较强的点击潜力。
zs-031.jpg,14.27,伊妍仕微do打造高级脸|核心方案大揭秘,,是,否,70,60,80,30,75,50,85,70,80,0,65,75,80,医美 / 微整形 / 高级脸 / 美容 / 护肤 / 方案揭秘 / 面部 / 效果,封面通过清晰的面部特写和吸引人的标题增强了点击吸引力。
zs-032.jpg,7.51,自然高级脸调整思路,,是,是,75,60,70,50,80,40,85,70,75,80,60,90,85,医美 / 调整 / 自然 / 高级 / 脸型 / 思路 / 美容 / 效果,封面通过清晰的对比和引人注目的标题吸引点击，具有较强的视觉冲击力。
zs-033.jpg,8.01,补水≠抗衰!为何我对艾维岚“上瘾”,,是,是,75,60,70,50,80,40,70,60,75,80,65,70,85,补水 / 抗衰 / 艾维岚 / 医美 / 护肤 / 美容 / 效果 / 推荐,封面通过鲜明的对比和清晰的标题吸引点击，强调效果和信任感。
zs-034.jpg,7.87,干皮、细纹、暗沉!就这个组合!,,是,否,60,50,70,40,80,60,70,50,75,0,65,80,75,干皮 / 细纹 / 暗沉 / 护肤 / 医美 / 组合 / 效果 / 美容,封面通过清晰的标题和面部特写吸引点击，情感张力适中。
zs-035.jpg,7.03,这已经是大叔祛油最简单的方法了!,,是,是,30,50,80,20,70,60,75,50,65,80,55,70,60,祛油 / 大叔 / 简单方法 / 护肤 / 男性 / 抗老 / 美容 / 效果,封面通过强烈的对比和清晰的主题吸引点击，标题引发好奇心。
zs-036.jpg,8.28,为什么说它是抗衰的重要利器,,是,否,70,60,75,50,80,30,85,70,75,0,60,80,90,抗衰 / 医美 / 护肤 / 美容 / 红瓶 / 产品推荐 / 效果显著 / 年轻,封面展示了产品和面部特写，标题引人注目，适合吸引点击。
zs-037.jpg,15,你觉得网红脸好看吗?,,是,是,70,60,75,50,80,40,70,60,75,80,65,70,85,网红脸 / 医美 / 美容 / 面部 / 对比 / 吸引 / 时尚 / 潮流,封面通过对比和引人入胜的标题吸引观众点击，情感张力适中。
zs-038.jpg,12,快看看你中了哪一条?,,是,否,70,60,80,40,75,50,70,60,80,0,65,75,85,医美 / 美容 / 护肤 / 效果 / 咨询 / 推荐 / 变化 / 吸引,封面通过引人注目的标题和清晰的构图吸引点击，情感张力适中。
zs-039.jpg,19,深圳微调|用色调打开我的高定原生美学,,是,否,70,60,75,50,80,40,85,60,75,0,65,70,80,微调 / 高定 / 美学 / 深圳 / 护肤 / 美容 / 时尚 / 艺术,封面通过清晰的面部特写和吸引人的标题增强了点击吸引力。
zs-040.jpg,17,2026爆火🔥抗衰新科技!垮脸界的救星,,是,否,70,60,75,50,85,40,80,70,90,0,65,80,75,抗衰 / 科技 / 美容 / 救星 / 新科技 / 垮脸 / 变美 / 解疑,封面标题吸引力强，视觉清晰，情感张力适中，适合引发点击。
zs-041.jpg,10,北京美美|皮贴骨才是垮脸抗衰的正确思路,,是,否,70,60,75,50,80,30,85,70,75,0,60,80,90,抗衰 / 皮肤 / 美容 / 北京 / 护肤 / 医美 / 年轻 / 面部,封面展示了清晰的面部特征，标题引人注目，适合吸引点击。
zs-042.jpg,22,30+骨相进阶公式,,是,否,70,60,80,50,75,30,85,70,80,0,60,90,85,医美 / 骨相 / 30+ / 进阶 / 美容 / 护肤 / 面部 / 公式,封面清晰，标题吸引，面部突出，适合引发点击
zs-043.jpg,16,富婆同款塑妍萃全脸提升方案 心告别松垮垂,,是,否,70,60,80,30,85,40,90,70,80,0,60,75,85,医美 / 提升 / 塑妍萃 / 美容 / 富婆 / 全脸 / 方案 / 松垮,封面标题吸引力强，突出效果，适合引发点击。
zs-044.jpg,19,肉眼看面部立体，但上镜却不够立体....,,是,否,70,60,75,40,80,50,85,70,75,0,60,80,90,医美 / 面部 / 立体 / 男士 / 美容 / 微调 / 信任 / 效果,封面展示了面部微调的效果，标题引发好奇，适合吸引点击。
zs-045.jpg,11.3,想做塑妍萃怕肿?先看这篇内容!,,是,否,70,60,75,50,80,40,85,70,75,0,60,80,90,医美 / 塑妍萃 / 肿胀 / 美容 / 护肤 / 治疗 / 效果 / 分享,封面通过清晰的产品展示和引人注目的标题吸引点击，具有较强的视觉冲击力。
zs-046.jpg,15,塑妍萃打完就消了?我的胶原呢?,,是,否,70,60,75,40,80,50,70,60,85,0,65,75,80,医美 / 胶原蛋白 / 护肤 / 美容 / 效果 / 分享 / 体验 / 打针,封面标题引人关注，情感张力较强，适合吸引点击。
zs-047.jpg,29,北京皮贴骨|肉肉脸打薄必看,,是,否,75,60,80,40,70,30,85,70,75,0,60,80,90,医美 / 皮肤 / 美容 / 面部 / 瘦脸 / 提升 / 护肤 / 北京,封面清晰，人物面部突出，标题吸引眼球，适合点击
zs-048.jpg,9.8,阔面脸+高颧骨?4步高级骨相!,,是,是,70,60,80,50,85,70,90,60,80,75,65,75,80,医美 / 骨相 / 面部 / 美容 / 高颧骨 / 阔面脸 / 步骤 / 提升,封面通过清晰的对比和引人注目的标题吸引点击，具有较强的视觉冲击力。
zs-049.jpg,11.8,行医底线，就是守住顾客的信任,,是,否,70,60,80,50,75,40,85,90,70,0,65,75,80,医美 / 信任 / 医生 / 顾客 / 专业 / 安全 / 底线 / 守护,封面通过专业形象和信任感吸引点击，标题引发好奇心。
zs-050.jpg,18.7,如果微调只是填充，和水泥抹墙有什么区别?,,是,否,70,60,75,40,80,50,70,60,75,0,65,80,85,微调 / 医美 / 美容 / 填充 / 水泥 / 抹墙 / 对比 / 效果,封面标题引人注目，视觉清晰，适合吸引点击。
zs-051.jpg,17.4,宁波微调|这才是疲态脸上镜思路,,是,否,70,60,75,50,80,40,70,60,75,0,65,80,70,微调 / 疲态脸 / 美容 / 护肤 / 上镜 / 思路 / 宁波 / 医美,封面通过清晰的标题和面部特写吸引点击，情感张力适中。
zs-052.jpg,25.8,28+轻薄骨相脸微do思路,,是,否,70,60,75,50,80,40,85,30,75,0,60,70,65,微整形 / 美容 / 轻薄 / 骨相 / 脸型 / 提升 / 时尚 / 潮流,封面通过鲜明的对比和吸引人的标题增强了点击特征。
zs-053.jpg,11.4,建模身材当然要配[建模脸】啊!,,是,否,70,60,75,50,80,20,85,40,75,0,60,80,90,医美 / 建模 / 身材 / 脸部 / 对比 / 美容 / 时尚 / 健康,封面展示了明显的身材特征，标题引人注目，适合吸引点击。
zs-054.jpg,18.8,没想到有一天素颜也可以这么好看!,,是,否,70,60,75,50,80,30,85,40,75,0,60,80,90,素颜 / 医美 / 护肤 / 美妆 / 自然 / 清新 / 女性 / 自信,封面展示了自然素颜，吸引观众关注护肤效果，标题引发好奇心。
zs-055.jpg,19.2,高原的高是高级的高，微调界又多一张超模脸,,是,否,70,60,80,40,75,20,85,50,70,0,60,75,80,医美 / 超模 / 高原 / 微调 / 美容 / 护肤 / 时尚 / 面部,封面展示了模特的面部特征，具有较强的视觉吸引力和情感张力。
zs-056.jpg,10.8,2026全网即将流行抗衰新技术--六维联合抗衰,,是,否,70,60,75,50,80,40,85,70,75,0,60,80,90,抗衰 / 医美 / 技术 / 年轻 / 面部 / 美容 / 流行 / 2026,封面通过清晰的面部特写和引人注目的标题吸引点击，具有较强的视觉冲击力。
zs-057.jpg,7.2,一瓶塑颜萃实现全脸紧致提升!,,是,是,70,60,80,50,85,40,75,70,80,90,60,75,80,医美 / 塑颜 / 紧致 / 提升 / 护肤 / 美容 / 效果 / 产品,封面通过清晰的标题和视觉效果吸引用户点击，展示了产品的效果和信任感。
zs-058.jpg,9.8,阔面脸+高颧骨?4步高级骨相!,,是,是,70,60,80,30,75,40,85,60,70,80,65,75,80,医美 / 骨相 / 面部 / 美容 / 高颧骨 / 阔面脸 / 护肤 / 变美,封面展示了明显的面部特征对比，吸引观众关注变美效果。
zs-059.jpg,4.5,不垮脸思路|长脸松垮垂如何改善?,,是,否,70,60,75,50,80,40,85,70,75,0,60,80,90,医美 / 长脸 / 改善 / 美容 / 护肤 / 面部 / 松垮 / 垂,封面标题吸引人，面部特征明显，整体清晰度高，适合引起点击兴趣。
zs-060.jpg,5.3,各ip都要奔赴杭州的殿堂级微调是什么样的?,,是,否,70,60,75,50,80,30,85,60,75,0,65,80,70,微调 / 杭州 / 美容 / 医美 / 潮流 / 时尚 / 社交 / 女性,封面展示了多位女性，突出社交和时尚元素，吸引点击。
zs-061.jpg,6.6,怪不得全国博主都爱飞成都!微调审美太超前,,是,是,70,60,75,50,80,30,85,70,75,80,60,90,85,医美 / 微调 / 成都 / 博主 / 审美 / 美容 / 效果 / 前后对比,封面展示了明显的前后对比，吸引观众关注医美效果。
zs-062.jpg,10.3,成都骨相微调天花板，真的有点东西!,,是,否,70,60,75,40,85,50,80,60,90,0,70,80,75,医美 / 微调 / 骨相 / 成都 / 美容 / 效果 / 信任 / 吸引,封面通过强烈的标题和清晰的面部特征吸引点击，具有较高的情感张力和视觉冲击力。
zs-063.jpg,7.5,上海微调真有点东西，2支就能重返18岁?,,是,否,70,60,75,50,80,40,70,60,85,0,65,75,70,微调 / 医美 / 年轻 / 美容 / 上海 / 护肤 / 重返18岁 / 效果,封面标题引人注目，情感张力较强，适合吸引点击。
zs-064.jpg,4.8,所以，谁才是上海注射圈的神?!,,是,否,70,80,75,60,85,60,70,50,80,0,65,75,85,医美 / 注射 / 上海 / 美容 / 面部 / 信任 / 效果 / 神,封面标题引人注目，情感张力强，适合吸引点击。
zs-065.jpg,4.9,阔面方圆脸的变美思路，看这一篇就够了~~,,是,否,60,50,70,30,80,40,90,50,75,0,60,85,90,变美 / 方圆脸 / 医美 / 美容 / 护肤 / 面部 / 美丽 / 思路,封面标题吸引人，主体突出，适合吸引点击。
zs-066.jpg,3.6,才30+眼睛就松垮垂了?黑眼圈泪沟一次改善,,是,否,75,60,80,40,85,70,90,60,80,0,70,85,90,眼周 / 黑眼圈 / 泪沟 / 医美 / 护肤 / 年轻 / 改善 / 美容,封面清晰且具有吸引力，标题引人注目，适合吸引点击。
zs-067.jpg,3.1,2026全脸抗衰新方式!提升紧致塑形一步到位,,是,否,75,60,80,50,85,40,70,60,80,0,65,75,70,抗衰 / 紧致 / 塑形 / 医美 / 2026 / 新方式 / 美容 / 提升,封面通过清晰的标题和面部特写吸引点击，具有较强的视觉冲击力和情感张力。
zs-068.jpg,9.6,上瘾红为啥是医美万金油?4种搭配来揭秘,,是,是,70,60,75,50,80,40,85,70,75,80,65,70,90,医美 / 红色 / 搭配 / 护肤 / 美容 / 效果 / 推荐 / 揭秘,封面通过鲜明的对比和清晰的标题吸引点击，具备较强的情感张力和信任信号。
zs-069.jpg,15.1,动态支撑网|更高阶的口周打法,,是,是,70,60,80,50,75,40,85,70,80,75,60,90,85,医美 / 口周 / 动态支撑网 / 美容 / 效果 / 治疗 / 面部 / 提升,封面清晰且突出主题，吸引点击的潜力较高。
zs-070.jpg,7.4,塑妍萃打前完全攻略指南~,,是,否,70,60,80,50,75,60,85,70,80,0,65,75,90,医美 / 塑妍萃 / 攻略 / 美容 / 护肤 / 前后对比 / 咨询 / 效果,封面清晰，人物突出，标题吸引，适合引发点击
zs-071.jpg,7,上海郭敬松|微调顶~流,,是,否,70,60,75,50,80,60,70,65,75,0,55,80,70,医美 / 微调 / 上海 / 美容 / 医生 / 流行 / 信任 / 效果,封面具有较强的标题吸引力和清晰的构图，适合吸引点击。
zs-072.jpg,7,难怪都跑到成都找她!微调真的很权威啊!,,是,否,70,60,75,50,80,40,85,70,75,0,65,80,90,医美 / 微调 / 成都 / 权威 / 美容 / 面部 / 信任 / 效果,封面通过强烈的标题和清晰的主体吸引点击，具有较高的情感张力和信任信号。
zs-073.jpg,7,深圳微调“圣手“高级自然感拿捏~,,是,是,75,60,70,50,80,30,85,70,75,80,60,90,85,微调 / 自然感 / 美容 / 深圳 / 医美 / 效果 / 信任 / 专业,封面展示了专业的医美效果，吸引点击的潜力较高。
zs-074.jpg,5,谷亦涵|来北京捏脸的百万博主们都找她!,,是,否,70,60,75,50,80,30,85,70,75,0,60,80,90,医美 / 捏脸 / 博主 / 北京 / 美容 / 面部 / 信任 / 效果,封面展示了专业的医美场景，吸引观众关注效果和信任感。
zs-075.jpg,10,不是...不叨叨也能爆改塌鼻子了吗!?,,是,是,70,60,75,50,80,40,85,60,75,80,65,70,85,医美 / 鼻子 / 改造 / 美容 / 整形 / 效果 / 前后对比 / 小红书,封面通过清晰的对比和引人注目的标题吸引点击，具有较强的视觉冲击力。
zs-076.jpg,8,遇到了北京微调界的神~,,是,否,70,60,50,40,80,20,70,60,75,0,50,65,80,医美 / 微调 / 北京 / 美容 / 医生 / 效果 / 信任 / 时尚,封面展示了医生与顾客的互动，标题引人注目，适合吸引点击。
zs-077.jpg,5,广州微调mvp结算，要的就是妈生感,,是,否,75,60,70,50,80,20,85,70,75,0,60,80,90,微调 / 医美 / 广州 / 美容 / 年轻 / 自信 / 效果 / 专业,封面展示了专业医美场景，人物表情自信，吸引点击。
zs-078.jpg,6,方圆肉肉脸天选微调圣体，不刀刀变窄脸,,是,是,70,60,75,40,85,50,80,60,90,80,70,75,85,微调 / 脸型 / 美容 / 医美 / 改脸 / 小脸 / 方圆 / 效果,封面标题吸引眼球，强调效果，适合引发点击。
zs-079.jpg,6,南京都有谁在啊!怎么都来南京找吴文欢?,,是,是,75,60,70,50,80,30,85,70,75,80,65,80,90,医美 / 南京 / 美容 / 面部 / 治疗 / 效果 / 咨询 / 专业,封面展示了医美效果，吸引用户点击了解更多信息。
zs-080.jpg,6,款款同款大眼术!秒变上镜脸,,是,否,70,60,75,50,80,40,70,60,85,0,65,75,80,大眼术 / 医美 / 上镜 / 美容 / 眼睛 / 效果 / 变美 / 同款,封面标题吸引人，视觉效果清晰，适合吸引点击。
zs-081.jpg,4,2026全网即将流行抗衰新技术--六维联合抗衰,,是,是,75,80,70,60,85,40,90,70,80,75,65,85,90,抗衰 / 新技术 / 美容 / 医美 / 轻薄 / 效果 / 2026 / 六维,封面展示了清晰的效果对比，吸引用户关注新技术的抗衰效果。
zs-082.jpg,14,在厦门，塑妍萃童颜微调，原生高级脸封神,,是,是,75,60,80,40,85,30,90,70,80,75,65,85,90,微调 / 童颜 / 厦门 / 医美 / 美容 / 塑妍 / 高级脸 / 回春,封面展示了清晰的面部特征和吸引人的标题，增强了点击率潜力。
zs-083.jpg,14,童颜省量抗衰!10条核心韧带全脸紧致提升!!,,是,否,70,60,75,50,85,40,80,70,90,0,65,75,80,抗衰 / 童颜 / 紧致 / 提升 / 美容 / 医美 / 核心 / 韧带,封面标题吸引力强，面部特征突出，整体清晰度高，适合吸引点击。
zs-084.jpg,9,仅需4步|阔面 窄面，骨相浓颜脸打造,,是,否,70,60,80,50,75,40,85,60,70,0,65,75,80,医美 / 面部 / 美容 / 瘦脸 / 步骤 / 护肤 / 化妆 / 技巧,封面通过清晰的步骤标题和面部特写吸引点击，具有较强的视觉冲击力。
zs-085.jpg,14,疲惫垮脸到高级上镜 真就轻轻松松,,是,是,70,60,75,40,80,30,85,60,75,80,65,90,85,医美 / 垮脸 / 上镜 / 轻松 / 美容 / 面部 / 改善 / 效果,封面通过清晰的面部特写和引人注目的标题吸引点击，具有较强的情感张力和信任信号。
zs-086.jpg,9,松弛凹陷，选对年轻又省自然提升抄作业!,,是,是,70,60,75,50,80,40,85,70,75,80,60,90,85,医美 / 提升 / 年轻 / 自然 / 松弛 / 凹陷 / 全脸 / 轻薄,封面清晰，标题吸引，具备强烈的点击诱惑和信任感。
zs-087.jpg,14,广州掌管面部微调的神要的就是高级紧致感,,是,是,70,60,75,50,80,40,85,70,75,80,65,70,75,微调 / 紧致感 / 广州 / 医美 / 面部提升 / 年轻 / 美容 / 效果,封面通过清晰的面部展示和吸引人的标题增强了点击特征。
zs-088.jpg,13,成都微调miu系贵气千金感已偷偷藏不住!,,是,否,75,60,70,50,80,30,85,60,75,0,65,80,70,微调 / 贵气 / 护肤 / 美容 / 成都 / 千金 / 面部 / 医美,封面展示了清晰的面部特征，吸引眼球的标题增强了点击潜力。
zs-089.jpg,11,所有男生!都给我去服美役!,,是,否,70,60,75,50,80,30,85,60,75,0,65,80,70,男生 / 医美 / 美容 / 护肤 / 潮流 / 时尚 / 自信 / 转变,封面通过强烈的标题和清晰的面部特征吸引目标受众的注意。
zs-090.jpg,8,脸垮救星塑妍萃?一个视频拆解清楚,,是,否,70,60,80,50,75,40,85,70,80,0,60,90,85,医美 / 塑妍萃 / 脸部护理 / 美容 / 视频拆解 / 护肤 / 效果 / 信号,封面清晰，标题吸引，具备较强的医疗信任信号，适合引发点击。
zs-091.jpg,10,单次塑妍萃是播种，维养才是丰收的关键,,是,否,75,60,70,50,80,40,85,70,75,0,60,80,90,医美 / 塑形 / 抗老 / 美容 / 维养 / 丰收 / 护肤 / 效果,封面通过清晰的面部特写和吸引人的标题增强了点击吸引力。
zs-092.jpg,26,动态支撑网|更高阶的口周打法,,是,否,70,60,80,40,75,50,85,70,80,0,60,75,90,医美 / 口周 / 动态支撑网 / 美容 / 护肤 / 效果 / 专业 / 信任,封面清晰且突出主题，标题吸引人，适合点击。
zs-093.jpg,10,肉肉脸去土气，变轻薄高清上镜脸,,是,否,70,60,75,50,80,60,85,40,75,0,65,80,90,医美 / 轻薄 / 高清 / 上镜 / 肉肉脸 / 变美 / 土气 / 面部,封面通过清晰的标题和面部特写吸引点击，情感张力适中。
zs-094.jpg,11,轻薄骨相脸微调思路,,是,否,70,60,75,50,80,40,70,60,75,0,65,80,85,微调 / 美容 / 轻薄 / 骨相 / 脸型 / 医美 / 提升 / 思路,封面标题吸引人，图像清晰，具有较强的点击潜力。
zs-095.jpg,14,十年精选3个点位，高性价比改善法令纹!,,是,否,70,60,80,30,85,40,90,70,80,0,60,75,85,医美 / 法令纹 / 改善 / 高性价比 / 护肤 / 美容 / 年轻 / 效果,封面通过清晰的面部特写和引人注目的标题吸引点击，具有较强的视觉冲击力。
zs-096.jpg,11,请把视频推给想要变美的姐妹!审美好权威!,,是,是,75,60,70,50,80,30,85,70,75,90,60,80,85,医美 / 变美 / 姐妹 / 审美 / 权威 / 美容 / 视频 / 分享,封面展示了明显的前后对比，吸引关注，标题具有较强的吸引力。
zs-097.jpg,13,30+抗衰指南|垮脸抗衰的正确思路!,,是,否,75,60,80,50,85,70,90,60,80,0,65,75,85,抗衰 / 美容 / 护肤 / 30+ / 面部 / 健康 / 年轻 / 指南,封面标题吸引人，面部特写增强了点击欲望。
zs-098.jpg,15,深圳微调|年后爆改拿捏浓颜千金脸~,,是,否,70,60,80,50,85,40,90,30,80,0,75,85,70,微调 / 美容 / 深圳 / 浓颜 / 千金脸 / 年后 / 爆改 / 护肤,封面通过强烈的视觉对比和吸引人的标题增强了点击吸引力。
zs-099.jpg,11,高性比抗衰1 次改善皮肉分离,,是,否,60,70,80,50,75,60,70,65,80,0,50,55,70,抗衰 / 医美 / 皮肤 / 美容 / 改善 / 效果 / 治疗 / 护肤,封面通过强烈的对比和吸引人的标题增强了点击特征。
zs-100.jpg,8,揭秘!Sculptra一瓶真的能压实口周吗?,,是,否,60,50,70,40,80,70,80,60,75,0,65,70,85,医美 / Sculptra / 口周 / 美容 / 整形 / 效果 / 揭秘 / 护理,封面标题引人注目，且包含医疗美容相关内容，适合吸引点击。
zs-101.jpg,14,人气短剧大女主，微do大公开~,,是,否,70,60,80,50,75,40,85,30,70,0,60,75,80,短剧 / 女主 / 微整形 / 公开 / 医美 / 流行 / 美容 / 时尚,封面通过清晰的主体和吸引人的标题增强了点击吸引力。
zs-102.jpg,10,不移位!0.3ml终结鼻基底凹陷,,是,否,60,70,80,50,75,40,85,70,80,0,60,75,65,医美 / 鼻基底 / 填充 / 美容 / 效果 / 术后 / 护理 / 推荐,封面具有较强的视觉冲击力和吸引力，标题引人关注。
zs-103.jpg,15,哦莫?又被疯狂表白了!,,是,否,70,80,75,60,85,60,70,30,80,0,90,65,75,医美 / 表白 / 情感 / 上海 / 微调 / 美容 / 潮流 / 时尚,封面通过情感表达和强烈的标题吸引点击，具有较高的情感张力和视觉冲击力。
zs-104.jpg,14,不叨叨一个点位，改善4大垮脸问题~,,是,是,75,60,80,40,85,70,90,70,80,75,65,85,90,医美 / 垮脸 / 改善 / 美容 / 护肤 / 效果 / 面部 / 提升,封面清晰，标题吸引，强调效果，适合点击
zs-105.jpg,14,菱形脸短下巴姐妹，高效变美思路!!,,是,否,70,60,80,50,85,40,90,60,75,0,65,75,80,医美 / 变美 / 短下巴 / 菱形脸 / 姐妹 / 高效 / 思路 / 封面,封面标题吸引力强，面部特征突出，适合引发点击。
zs-106.jpg,21,杭州微调|小剂量拯救法令纹，自然不假面,,是,是,70,60,75,50,80,40,85,70,75,80,60,75,80,微调 / 法令纹 / 自然 / 医美 / 杭州 / 小剂量 / 美容 / 护肤,封面通过清晰的面部特写和吸引人的标题增强了点击吸引力。
zs-107.jpg,13,年前垮脸回春，口周问题一次解决~,,是,是,70,60,80,50,75,40,85,60,70,80,65,75,80,医美 / 回春 / 口周 / 改善 / 年轻 / 美容 / 效果 / 治疗,封面通过清晰的对比和吸引人的标题增强了点击特征。
zs-108.jpg,28,深圳微调|不叨叨调出刀锋下颌线,,是,是,70,60,80,40,75,50,85,70,80,90,60,75,80,微调 / 下颌线 / 医美 / 深圳 / 男士 / 美容 / 效果 / 快速,封面展示了明显的下颌线效果，吸引目标受众的注意。
zs-109.jpg,13,为什么同样是注射，你打完脸反而大了,,是,否,70,60,75,50,85,40,70,60,80,0,65,75,80,医美 / 注射 / 脸部 / 美容 / 变化 / 信号 / 疑问 / 效果,标题引发好奇，面部特写增强情感张力，整体清晰度高。
zs-110.jpg,15,把立体上镜脸打造思路学了,,是,否,70,60,75,50,80,40,85,60,75,0,65,80,70,医美 / 立体脸 / 美容 / 上镜 / 思路 / 护肤 / 面部 / 技巧,封面突出面部特征，标题吸引人，适合医美主题
zs-111.jpg,12,鼻头扁塌|不叨叨爆改立体妈生鼻,,是,是,70,60,80,50,75,40,85,60,70,80,65,90,75,医美 / 鼻部 / 整形 / 美容 / 对比 / 效果 / 女性 / 时尚,封面展示了明显的对比效果，吸引用户点击了解更多信息。
zs-112.jpg,18,"2026年全脸抗衰新方式|30分钟""午休变美”",,是,否,70,60,75,50,80,40,85,70,75,0,60,80,90,抗衰 / 美容 / 午休 / 新方式 / 全脸 / 提升 / 医美 / 2026,封面标题吸引人，清晰的构图和高可读性增强了点击潜力。
zs-113.jpg,14.54,第1️⃣视角体验当捏脸大师！垮脸收紧,,是,否,70,60,75,50,80,20,85,70,75,0,65,80,90,捏脸 / 医美 / 美容 / 体验 / 收紧 / 垮脸 / 专业 / 效果,封面展示了专业的医美操作，标题引人注目，具有较强的点击潜力。
zs-114.jpg,10.37,她们的攻击声好大啊~ 差点，盖过我的意志,,是,否,70,60,75,50,80,20,85,30,75,0,65,80,90,医美 / 美容 / 女性 / 自信 / 情感 / 变化 / 时尚 / 生活,封面通过强烈的情感和清晰的构图吸引点击，标题引发好奇心。
zs-115.jpg,1.0116,一镜到底 ❗️ 35+宝妈垮脸逆袭~,,是,否,70,60,75,50,80,40,85,70,75,0,60,80,65,医美 / 逆袭 / 宝妈 / 胶原蛋白 / 护肤 / 美容 / 面部 / 年轻,封面通过强烈的标题和清晰的面部特写吸引点击，情感张力适中。
zs-116.jpg,3.28,方圆脸瘦脸，只需要这三条线！,,是,否,70,60,80,50,85,70,90,60,80,0,75,85,90,瘦脸 / 医美 / 美容 / 方圆脸 / 线雕 / 护肤 / 面部轮廓 / 美丽,封面通过清晰的标题和面部特写吸引点击，强调瘦脸效果。
zs-117.jpg,19.02,第1️⃣视角改善口角囊袋 外轮廓紧致上扬,,是,否,70,60,75,50,80,20,85,70,75,0,60,80,90,医美 / 口角 / 紧致 / 改善 / 外轮廓 / 美容 / 护肤 / 效果,封面展示了清晰的面部特征，标题引人注目，适合吸引点击。
zs-118.jpg,10.71,自带光芒的第一眼美女感，真的有底层框架,,是,否,70,60,75,50,80,30,85,40,75,0,60,80,70,美容 / 医美 / 美女 / 光芒 / 底层框架 / 护肤 / 效果 / 自信,封面展示了清晰的面部特征和吸引人的标题，具有较强的点击潜力。
zs-119.jpg,12.04,【全英实录】Contour Lift Filler 轮廓提升,,是,否,70,60,75,50,80,30,85,70,75,0,40,80,90,医美 / 轮廓提升 / 填充 / 美容 / 护肤 / 治疗 / 效果 / 专业,封面展示了医美过程，具有较强的专业性和吸引力，标题引人注目。
zs-120.jpg,7.55,不想叨叨？小剂量实现妈生鼻！,,是,否,60,50,70,40,80,30,75,65,85,0,50,70,60,医美 / 鼻部 / 小剂量 / 美容 / 信任 / 效果 / 治疗 / 专业,封面标题吸引人，突出医美效果，适合引发点击。
zs-121.jpg,28.03,韩国面部抗衰新科技，实现自然妈生变美~,,是,是,75,60,80,40,85,70,90,75,80,85,70,80,90,抗衰 / 面部 / 科技 / 美容 / 自然 / 韩国 / 变美 / 轻松,封面通过清晰的视觉和吸引人的标题增强了点击特征。
zs-122.jpg,11.54,成为杭州顶帅，真没想到这么简单！,,是,否,70,60,75,50,80,30,85,60,75,0,65,80,90,医美 / 杭州 / 帅气 / 简单 / 美容 / 面部 / 转变 / 自信,封面展示了清晰的面部特征，标题引人注目，适合吸引点击。
zs-123.jpg,8.33,30+贵价抗衰？要的是平整 协调 耐看,,是,否,75,60,70,50,80,40,85,60,75,0,65,80,90,抗衰 / 护肤 / 美容 / 年轻 / 平整 / 协调 / 耐看 / 贵价,封面展示了清晰的面部特征和吸引人的标题，具有较高的点击潜力。
zs-124.jpg,13.65,像rose原来这么美~,,是,是,70,60,75,50,80,20,85,60,75,90,65,80,70,医美 / 美容 / 前后对比 / 护肤 / 美丽 / 效果 / 变化 / 时尚,封面展示了明显的前后对比，吸引观众关注效果。
zs-125.jpg,3.53,深圳医美，找陈雯婷就对了！,,是,否,70,60,75,50,80,20,85,70,75,0,60,80,90,医美 / 深圳 / 美容 / 信任 / 专业 / 陈雯婷 / 护肤 / 效果,封面展示了专业医美环境和可信赖的形象，吸引点击。
zs-126.jpg,23.19,30岁赴京提升皮贴骨｜很迷人 因为擅长做自已,,是,否,70,60,75,50,80,20,85,60,75,0,65,80,70,医美 / 提升 / 皮贴 / 迷人 / 自信 / 美容 / 护肤 / 30岁,封面展示了清晰的主题和吸引人的标题，具有较强的点击潜力。
zs-127.jpg,19.94,矮塌鼻3ml骨相妈生～,,是,否,70,60,50,40,80,20,70,60,75,0,50,65,80,医美 / 鼻部 / 美容 / 整形 / 效果 / 案例 / 治疗 / 分享,封面展示了医美过程，标题吸引人，具有较高的点击潜力。
zs-128.jpg,20.96,高颧骨+方圆脸❗来感受下脸型变流畅的震撼,,是,否,70,60,75,50,80,40,85,60,75,0,65,70,80,医美 / 脸型 / 高颧骨 / 方圆脸 / 变美 / 震撼 / 效果 / 微调,封面通过强烈的标题和清晰的面部特征吸引点击，情感张力适中。
zs-129.jpg,6.46,肉肉脸收紧 2步内收下颌角❗️,,是,否,70,60,80,30,85,70,90,60,80,0,75,85,90,医美 / 下颌角 / 收紧 / 肉肉脸 / 美容 / 面部轮廓 / 塑形 / 效果,封面突出面部特征，标题吸引力强，适合点击
zs-130.jpg,66.87,永远不要低估一个男生变帅的决心,,是,是,70,60,75,50,80,40,85,60,75,80,70,65,90,男生变帅 / 医美 / 前后对比 / 自信 / 美容 / 护肤 / 形象提升 / 决心,封面通过强烈的标题和明显的前后对比吸引点击，情感张力较高。
zs-131.jpg,37.41,第1️⃣视角轮廓提升 皮贴骨的教科书,,是,否,70,60,50,40,80,20,70,60,75,0,50,65,80,医美 / 轮廓提升 / 皮贴骨 / 美容 / 治疗 / 效果 / 专业 / 教程,封面具有较强的标题吸引力和清晰的主题，适合吸引点击。
zs-132.jpg,4.68,鼻基底凹陷，这样打避免馒化移位！,,是,否,70,60,80,30,75,60,85,70,80,0,65,75,80,医美 / 鼻基底 / 注射 / 美容 / 面部 / 护肤 / 整形 / 效果,封面展示了医美过程，具有较强的吸引力和专业感。
zs-133.jpg,7.29,广州微调，找赵江辉就对了！,,是,否,70,60,65,50,80,30,75,70,85,0,60,75,80,微调 / 医美 / 广州 / 赵江辉 / 美容 / 信任 / 效果 / 专业,封面展示了专业医美场景，标题吸引人，增强点击率潜力。
zs-134.jpg,3.96,这位北二环70年捏脸战神超🐮谁还去别地啊,,是,否,75,60,70,50,85,40,80,70,90,0,60,80,75,捏脸 / 医美 / 北二环 / 战神 / 美容 / 专业 / 女性 / 信任,封面通过强烈的标题和清晰的主体吸引点击，展现专业性和信任感。
zs-135.jpg,5.64,方圆脸微调换头，四步让你上镜瘦十斤,,是,否,70,60,80,50,85,40,75,60,80,0,65,75,90,医美 / 微调 / 换头 / 上镜 / 瘦身 / 美容 / 方圆脸 / 四步,封面标题吸引人，图像清晰，具有较强的点击潜力。
zs-136.jpg,5.43,南京都有谁在啊！怎么都来南京找吴文欢？,,是,是,75,60,70,50,80,40,85,70,75,80,65,90,85,医美 / 南京 / 吴文欢 / 美容 / 护肤 / 效果对比 / 面部护理 / 年轻化,封面展示了医美效果，吸引观众关注和点击。
zs-137.jpg,1.009,长这样有机会当练习生吗,,是,否,70,60,80,50,75,20,85,60,70,0,65,80,90,练习生 / 医美 / 美容 / 面部 / 护肤 / 自拍 / 效果 / 年轻,封面展示了清晰的面部特征，吸引观众关注医美效果。
zs-138.jpg,4,江浙沪严选捏脸大咖！轻松美出新高度～,,是,是,75,60,70,50,80,30,85,70,75,80,65,90,85,医美 / 捏脸 / 美容 / 江浙沪 / 大咖 / 轻松 / 新高度 / 效果,封面展示了专业医美效果，吸引点击的潜力较高。
zs-139.jpg,7.04,这才是普通人打完鼻眉弓得真实样子……,,是,否,70,60,65,50,80,30,75,60,85,0,70,75,80,医美 / 鼻眉弓 / 真实案例 / 普通人 / 效果对比 / 美容 / 整形 / 分享,标题引人注目，情感张力强，适合吸引点击。
zs-140.jpg,11.54,成为杭州顶帅，真没想到这么简单！,,是,否,70,60,75,50,80,30,85,60,75,0,65,80,90,医美 / 杭州 / 帅气 / 简单 / 美容 / 年轻 / 自信 / 转变,封面展示了年轻男性，标题引人注目，适合吸引点击。
zs-141.jpg,12.68,第一视角提升💉皮贴骨你不用再等一世了！,,是,否,70,60,75,50,80,30,85,70,75,0,60,80,90,医美 / 皮肤 / 提升 / 美容 / 治疗 / 效果 / 注射 / 护理,封面展示了医美过程，标题吸引人，具有较高的点击潜力。
zs-142.jpg,10.03,关于注射鼻答疑解惑，快问快答来喽～,,是,否,75,60,70,50,80,40,70,60,85,0,50,75,80,医美 / 注射 / 鼻子 / 问答 / 美容 / 快速 / 解答 / 信任,封面标题吸引人，具有较强的点击潜力，且视觉清晰。
zs-143.jpg,12.07,注射鼻合集，即刻自然妈生感,,是,是,70,60,75,50,80,40,85,70,75,80,60,65,70,医美 / 鼻子 / 注射 / 自然 / 美容 / 整形 / 效果 / 合集,封面展示了注射效果，吸引用户关注自然美感和医美项目。
zs-144.jpg,9.16,普通男生微调，变化大吗？,,是,是,60,50,70,30,80,40,90,50,75,85,60,70,80,微调 / 男生 / 变化 / 医美 / 前后对比 / 美容 / 效果 / 普通,封面通过强烈的标题和明显的面部特征吸引点击，前后对比增强了吸引力。
zs-145.jpg,13.12,第1视角提升打薄💉终于皮贴骨了,,是,否,70,60,75,40,80,30,85,70,75,0,60,80,90,医美 / 提升 / 打薄 / 皮肤 / 美容 / 注射 / 效果 / 护理,封面展示了医美效果，标题引人注目，适合吸引点击。
zs-146.jpg,1.0138,从小美到顶美是什么体验,,是,是,75,80,70,60,85,30,90,50,80,90,70,85,80,医美 / 变美 / 前后对比 / 体验 / 美容 / 护肤 / 效果 / 小红书,封面展示了明显的前后对比，吸引用户点击了解变美体验。
zs-147.jpg,12.66,第1视角提升打薄💉终于皮贴骨了,,是,否,70,60,75,40,80,30,85,70,75,0,60,80,90,医美 / 提升 / 打薄 / 皮肤 / 美容 / 注射 / 效果 / 护理,封面展示了医美注射过程，具有较强的视觉吸引力和专业感。
zs-148.jpg,82.43,垮脸就打耳前韧带❗️第一视角微调实录,,是,否,70,60,75,50,80,40,85,70,75,0,60,80,90,医美 / 微调 / 耳前韧带 / 美容 / 注射 / 皮肤 / 提升 / 第一视角,封面展示了医美过程，具有较强的视觉冲击力和专业感，吸引点击。
zs-149.jpg,19.02,第1️⃣视角改善口角囊袋 外轮廓紧致上扬,,是,否,70,60,75,50,80,30,85,70,75,0,60,80,90,医美 / 口角 / 紧致 / 改善 / 外轮廓 / 美容 / 治疗 / 效果,封面展示了医美效果，标题吸引人，具有较高的点击潜力。
zs-150.jpg,11.76,相差12岁的情侣一起来do脸后……,,是,是,70,60,75,50,80,30,85,60,75,90,65,80,70,医美 / 情侣 / 对比 / 年轻 / 美容 / 面部 / 治疗 / 效果,封面展示了明显的前后对比，吸引观众关注医美效果。
zs-151.jpg,10.88,肉肉脸变紧致！调完脸歪了❓,,是,否,70,60,75,30,80,40,85,70,75,0,60,80,90,医美 / 脸部 / 紧致 / 美容 / 调整 / 效果 / 前后 / 变化,封面展示了明显的面部特征，标题引发好奇，适合吸引点击。
zs-152.jpg,26.09,打耳前韧带前一定要知道的事...,,是,否,70,60,75,40,80,50,85,70,75,0,60,80,90,耳前韧带 / 医美 / 打针 / 美容 / 健康 / 咨询 / 注意事项 / 专业,封面通过清晰的视觉和引人注目的标题吸引点击，具有较强的专业性和情感张力。
zs-153.jpg,19.76,一篇讲清楚三款童颜的区别！,,是,否,75,60,70,50,80,40,85,70,75,0,60,80,90,童颜 / 医美 / 护肤 / 美容 / 选择 / 产品 / 效果 / 对比,封面清晰，标题吸引，适合引发点击
zs-154.jpg,22.22,鼻注射&塑骨相4️⃣种骨性材料到底怎么选？,,是,否,70,60,75,40,80,30,85,90,75,0,50,80,85,医美 / 鼻注射 / 塑骨 / 骨性材料 / 选择 / 美容 / 健康 / 专业,封面清晰，标题吸引，传达专业信任感，适合点击。
zs-155.jpg,19.97,眉弓，我愿称之为骨相美女的秘密,,是,是,70,60,75,40,85,30,80,60,90,85,50,80,75,眉弓 / 骨相 / 医美 / 美容 / 秘密 / 对比 / 效果 / 美丽,封面通过对比展示了眉弓的变化，吸引观众关注医美效果。
zs-156.jpg,19.28,打鼻子，选什么材料？不变宽不移位！管的久,,是,否,70,60,75,50,80,60,70,65,85,0,50,80,75,医美 / 鼻子 / 材料 / 选择 / 美容 / 注射 / 效果 / 信号,封面通过清晰的标题和视觉元素吸引用户点击，强调材料选择的重要性。
zs-157.jpg,15.47,石家庄超百万粉丝博主阿美也来do脸啦~,,是,是,75,60,70,50,80,30,85,70,75,80,65,80,90,医美 / 美容 / 面部 / 护肤 / 博主 / 石家庄 / 变美 / 分享,封面展示了明显的医美过程和博主的个人魅力，吸引点击。
zs-158.jpg,50.48,不多说 展示,,是,是,70,60,75,50,80,40,85,70,75,80,60,80,90,医美 / 微调 / 美容 / 面部 / 效果 / 前后对比 / 护肤 / 提升,封面展示了明显的面部效果，吸引用户点击了解更多。
zs-159.jpg,11.74,为什么说…这就是注射抗衰的归宿？,,是,否,70,60,75,50,80,40,85,70,75,0,60,80,90,抗衰 / 注射 / 美容 / 医美 / 护肤 / 年轻 / 效果 / 信任,封面清晰，标题吸引，面部突出，适合引发点击。
zs-160.jpg,14.56,第1️⃣视角体验当捏脸大师！垮脸收紧,,是,否,70,60,75,50,80,20,85,70,75,0,65,80,90,医美 / 捏脸 / 美容 / 面部 / 体验 / 收紧 / 垮脸 / 专业,封面展示了专业的医美操作，吸引观众关注面部改善效果。
zs-161.jpg,10.3,第1视角打出下颌线💉提升外轮廓,,是,否,70,60,75,40,80,20,85,70,75,0,60,80,90,下颌线 / 医美 / 提升 / 外轮廓 / 美容 / 注射 / 效果 / 护理,封面展示了清晰的面部特征，标题引人注目，适合吸引点击。
zs-162.jpg,11.73,第一视角打出下颌线，提升外轮廓,,是,否,70,60,75,50,80,20,85,70,75,0,60,80,90,下颌线 / 医美 / 外轮廓 / 美容 / 提升 / 第一视角 / 效果 / 整形,封面通过清晰的构图和强烈的标题吸引点击，具有较高的情感张力和信任感。
zs-163.jpg,4.6,大脸变小微调 夯爆了,,是,是,70,60,75,50,80,30,85,40,75,90,65,80,70,医美 / 变脸 / 微调 / 美容 / 效果对比 / 小脸 / 护肤 / 前后对比,封面展示了明显的前后对比，吸引观众关注变脸效果。
zs-164.jpg,17.16,推给土象！biu出来的“微醺少年感”,,是,否,75,60,70,50,80,20,90,60,85,0,70,80,90,微醺 / 少年感 / 医美 / 护肤 / 美容 / 清新 / 年轻 / 笑容,封面展示了清晰的面部特征和积极的情感，吸引点击。
zs-165.jpg,14.9,矮塌鼻？短鼻？蒜头鼻？如何改善告诉你～,,是,是,70,60,80,50,85,40,75,60,80,70,65,75,85,医美 / 鼻型 / 改善 / 短鼻 / 蒜头鼻 / 美容 / 整形 / 技巧,封面通过清晰的标题和对比图吸引点击，具有较强的视觉冲击力和情感共鸣。
zs-166.jpg,13.29,和住在楼上的阿美双向奔赴，不用再p图啦~,,是,是,75,60,70,50,80,40,85,60,75,90,65,80,70,医美 / 对比 / 美容 / 护肤 / 效果 / 分享 / 生活 / 真实,封面展示了明显的前后对比，吸引用户点击了解更多效果。
zs-167.jpg,11.83,2分钟讲清，她是怎么把苹果肌藏起来的…,,是,是,70,60,75,50,80,30,85,60,75,90,65,80,70,医美 / 苹果肌 / 前后对比 / 护肤 / 美容 / 化妆 / 技巧 / 短视频,封面展示了明显的前后对比，吸引观众点击了解技巧。
zs-168.jpg,24.85,我可能不会爱你，但do脸可以陪你,,是,是,70,60,65,50,80,30,75,60,85,90,70,75,80,医美 / 护肤 / 对比 / 效果 / 年轻 / 美容 / 面部 / 变化,封面展示了明显的对比效果，标题引人注目，适合吸引点击。
zs-169.jpg,68.33,张凌赫——能统一男女审美的脸有多权威？,,是,否,70,60,80,40,85,30,90,50,80,0,60,75,85,医美 / 审美 / 权威 / 张凌赫 / 美容 / 面部 / 时尚 / 男性,封面通过强烈的标题和清晰的主体吸引点击，具有较高的视觉冲击力。
zs-170.jpg,11.09,十年前打童颜的人，现在怎么样了？,,是,是,70,60,80,50,85,40,90,60,80,90,75,85,70,童颜 / 医美 / 对比 / 年轻 / 美容 / 效果 / 变化 / 案例,封面展示了明显的对比效果，吸引观众关注医美效果。
zs-171.jpg,12.61,博主严选！广州掌管微调初恋脸的神~,,是,是,75,80,70,60,85,40,90,70,80,75,65,85,90,微调 / 初恋脸 / 广州 / 美容 / 医美 / 博主 / 面部 / 效果,封面展示了清晰的面部特征和吸引人的标题，具有较高的点击潜力。
zs-172.jpg,8.82,合肥| 眼周年轻化的顶流是怎么做到的？,,是,否,75,60,80,40,85,70,90,60,80,0,65,75,85,眼周 / 年轻化 / 医美 / 合肥 / 美容 / 护肤 / 顶流 / 效果,封面通过清晰的面部特写和吸引人的标题增强了点击吸引力。
zs-173.jpg,16.8,广州找江辉骨相微调…夯级审美！,,是,否,70,60,75,50,80,40,85,60,75,0,65,80,70,医美 / 微调 / 广州 / 审美 / 美容 / 骨相 / 高端 / 效果,封面通过清晰的标题和突出的主体吸引点击，具备较强的视觉冲击力。
zs-174.jpg,1.0139,肉脸松垮如何抗衰微调❓,,是,是,70,60,75,50,80,40,85,70,75,80,65,70,75,抗衰 / 微调 / 美容 / 医美 / 护肤 / 面部 / 年轻 / 效果,封面通过清晰的对比和吸引人的标题增强了点击特征。
zs-175.jpg,9.36,选对方式变美真的可以没有尴尬期！,,是,否,70,60,75,50,80,30,85,60,75,0,65,80,90,医美 / 变美 / 无尴尬期 / 女性 / 美容 / 信任 / 提升 / 效果,封面通过清晰的面部特写和引人注目的标题吸引点击，情感张力适中。
zs-176.jpg,6.8,是牙牙哇~为了上镜真的拼了！！,,是,是,75,60,70,50,80,30,85,60,75,80,65,70,90,医美 / 牙齿 / 上镜 / 美容 / 微调 / 效果 / 前后对比 / 自信,封面通过清晰的对比和吸引人的标题增强了点击特征。
zs-177.jpg,5.16,方圆脸千万别打咬肌！2步不叨叨变窄脸,,是,否,70,50,80,30,85,60,75,65,80,0,50,90,85,方圆脸 / 咬肌 / 窄脸 / 医美 / 美容 / 面部 / 改造 / 技巧,封面通过清晰的面部特写和引人注目的标题吸引点击，强调了美容技巧。
zs-178.jpg,17.95,只提不填！这样打法令纹不馒化不移位✅️,,是,否,70,60,80,50,85,70,75,60,80,0,65,75,90,法令纹 / 医美 / 护肤 / 美容 / 抗衰老 / 效果 / 技巧 / 提升,标题吸引力强，清晰的视觉效果和高对比度增强了点击率潜力。
zs-179.jpg,86.04,喜提小窄脸，方圆脸的瘦脸邪修法,,是,否,70,60,80,50,85,40,75,60,80,0,65,70,90,瘦脸 / 医美 / 美容 / 方圆脸 / 小窄脸 / 邪修法 / 效果 / 前后对比,封面标题吸引眼球，且有明显的面部特征，适合引发点击。
zs-180.jpg,18.38,骨相鼻注射，贝丽菲尔打造半永久骨相,,是,否,70,60,75,40,80,50,85,70,75,0,60,80,90,医美 / 鼻注射 / 半永久 / 贝丽菲尔 / 美容 / 整形 / 效果 / 信任,封面清晰且具有吸引力，标题引人注目，适合吸引点击。
zs-181.jpg,4.32,广州微调来对了 ✌🏻,,是,否,70,60,50,40,80,20,70,60,75,0,50,65,80,微调 / 医美 / 广州 / 美容 / 护肤 / 效果 / 专业 / 分享,封面展示了微调效果，标题吸引人，适合引发点击。
zs-182.jpg,2.97,广州微调mvp结算,,是,否,75,60,70,50,65,20,80,70,60,0,50,85,90,微调 / 医美 / 广州 / 美容 / 护肤 / 年轻 / 效果 / 专业,封面展示了专业医美场景，人物表情亲切，增强了点击吸引力。
zs-183.jpg,7.22,广州微调，找赵江辉就对了！,,是,否,70,60,50,40,80,20,70,60,75,0,50,80,90,微调 / 医美 / 广州 / 赵江辉 / 美容 / 效果 / 信任 / 专业,封面展示了专业医美服务，标题吸引人，适合点击。
zs-184.jpg,3.53,深圳医美，找陈雯婷就对了！,,是,否,70,60,65,50,80,30,75,70,85,0,60,75,80,医美 / 深圳 / 美容 / 信任 / 专业 / 陈雯婷 / 服务 / 效果,封面展示了专业医美服务，标题吸引人，具有较强的点击潜力。
zs-185.jpg,8.3,面部提升丨抗衰美学分享,,是,否,70,60,75,50,80,20,85,60,75,0,50,80,90,面部提升 / 抗衰 / 美学 / 护肤 / 美容 / 年轻 / 效果 / 分享,封面展示了面部特征，标题吸引人，整体清晰度高，适合点击。
zs-186.jpg,13.35,变美的意义到底是什么？,,是,否,70,60,50,40,80,30,70,20,75,0,65,60,80,医美 / 变美 / 护肤 / 美容 / 自信 / 女性 / 时尚 / 生活方式,封面标题引人注目，情感张力较强，适合吸引点击。
zs-187.jpg,38.46,尽管来抄！面部提升正确思路🈶️,,是,否,75,60,80,50,85,40,70,65,80,0,60,75,85,面部提升 / 医美 / 美容 / 护肤 / 提升 / 专业 / 效果 / 咨询,封面具有较强的标题吸引力和清晰的视觉效果，适合吸引点击。
zs-188.jpg,6.27,啊啊啊!!!这个微调真的爱了,,是,否,70,60,50,40,80,30,70,20,75,0,60,65,50,微调 / 医美 / 美容 / 效果 / 分享 / 体验 / 推荐 / 爱了,封面通过强烈的标题和清晰的面部特征吸引点击，情感张力较高。
zs-189.jpg,11.2,矮塌鼻注射抬高，现在立体了吗,,是,否,60,50,70,40,80,20,90,70,85,0,60,75,80,医美 / 鼻部 / 注射 / 美容 / 整形 / 效果 / 提升 / 立体,封面展示了注射过程，具有较强的视觉冲击力和吸引力。
zs-190.jpg,10.42,面中凹陷？如何拉面中？一篇告诉你,,是,是,75,60,70,50,80,40,85,70,75,90,60,80,85,医美 / 面部 / 美容 / 拉面中 / 凹陷 / 前后对比 / 护肤 / 年轻,封面展示了明显的前后对比，吸引观众关注医美效果。
zs-191.jpg,10.67,请允许我们肉肉脸有自己的变美法则,,是,是,70,60,80,30,75,20,85,70,80,90,60,75,85,医美 / 变美 / 肉肉脸 / 前后对比 / 护肤 / 美容 / 面部 / 效果,封面展示了明显的前后对比，吸引观众关注变美效果。
