filename,ctr,title,project,has_face,has_before_after
ZSLB-01.jpg,10.75,短鼻 朝天鼻，1支延长鼻尖，抬高鼻背～,注射/朝天鼻,,
ZSLB-02.jpg,27,2026不叨叨|打造妈生立体鼻,注射/妈生立体鼻,,
ZSLB-03.jpg,10,不是...不叨叨也能爆改塌鼻子了吗⁉,注射/缩小鼻翼,,
ZSLB-04.jpg,12,鼻头扁塌|不叨叨爆改立体妈生鼻,注射/塌鼻子,,
ZSLB-05.jpg,10.03,关于注射鼻答疑解惑，快问快答来喽～,注射鼻,,
ZSLB-06.jpg,10.85,没山根伪塌鼻，3ml沉浸式注射全流程…,注射鼻,,
ZSLB-07.jpg,15.5,原来拉出面中真的只需要6ml～,注射鼻,,
ZSLB-08.jpg,14.55,20min沉浸式体验注射，仅仅需要4支～,注射鼻,,
ZSLB-09.jpg,13.01,30min注射鼻全过程～改善矮塌鼻即刻惊艳…,注射鼻,,
ZSLB-10.jpg,8.92,【实录】只需打起鼻小柱，打造T区高级感,注射鼻,,
ZSLB-11.jpg,18.35,沉浸式｜低山根矮塌鼻逆袭自然妈生鼻,注射鼻,,
ZSLB-12.jpg,10.68,原来普通人变美这么简单~,注射鼻,,
ZSLB-13.jpg,3.76,矮塌蒜头鼻2ml注射妈生鼻全程vlog,注射鼻,,
ZSLB-14.jpg,10.88,【实录】只需打起鼻小柱，拿捏鼻子高级感！,注射鼻,,
ZSLB-15.jpg,3.29,重庆注射鼻｜低山根塌鼻子爆改实录,注射鼻,,
ZSLB-16.jpg,13.75,矮塌鼻设计思路～,注射鼻,,
LB-01.jpg,16.51,妈生幼态感 | 直鼻微翘微起伏！,手术隆鼻/直鼻微翘妈生鼻,,
LB-02.jpg,8.25,自然立体鼻设计，提升面部轮廓感！,手术隆鼻/自然立体鼻,,
LB-03.jpg,10.41,直鼻微翘+盒型鼻头，人生鼻子！,手术隆鼻/直鼻微翘,,
LB-04.jpg,9.09,/,手术隆鼻/鼻综合/自然驼峰鼻,,
LB-05.jpg,7.1,成都原相机妈生鼻，无惧揉捏！超绝审美！,手术隆鼻/妈生鼻,,
LB-06.jpg,12.1,这鼻子谁看了不说一句绝美！,手术隆鼻/直鼻微翘,,
LB-07.jpg,12.7,鼻修复，这次要逆袭上镜男主角！,手术隆鼻/鼻修复/网感鼻,,
LB-08.jpg,75.41,别眨眼👀，20秒感受鼻子有多重要,手术隆鼻,,
LB-09.jpg,61.8,别眨眼👀，20秒感受鼻子有多重要,手术隆鼻,,
LB-10.jpg,14.55,北京鼻子丨高山根棍感鼻+假体显形修复思路,手术隆鼻/假体修复,,
LB-11.jpg,26.15,自然款直鼻微翘👃肋骨鼻拉面中,手术隆鼻/直鼻微翘/肋骨鼻,,
LB-12.jpg,26.4,05年女大塌鼻+面中凹陷的正确do鼻思路！,手术隆鼻/面中凹陷,,
LB-13.jpg,21.66,鼻骨歪斜+短鼻露鼻孔丨第一天查房+感受,手术隆鼻,,
LB-14.jpg,24.15,低山根直鼻+清冷感可以申请当你的模板嘛,手术隆鼻/低山根直鼻,,
LB-15.jpg,19.92,姐妹们，北京7w的鼻综合我先冲了！,手术隆鼻/鼻综合,,
LB-16.jpg,6.86,大鼻头缩小 别再傻傻只切鼻头了！,手术隆鼻/大鼻头缩小,,
LB-17.jpg,6.86,成都鼻修复|高级感 我的强项罢了,手术隆鼻,,
LB-18.jpg,14.07,这个鼻子怎么回事？,手术隆鼻,,
LB-19.jpg,16.02,binder综合症：无法和解的20年,手术隆鼻,,
LB-20.jpg,28.63,肋软骨钙化 还能do鼻吗？？,手术隆鼻/知识,,
LB-21.jpg,15,直鼻微翘微起伏，太美了吧！,手术隆鼻,,
LB-22.jpg,15,上海鼻翼模板，4mm精致小巧👃.....,手术隆鼻,,
LB-23.jpg,15,男生微驼峰模版,手术隆鼻,,
LB-24.jpg,15,大大的鼻孔也许小小的调整就能改善～～,手术隆鼻,,
LB-25.jpg,15,鼻子长期稳定的关键要看这三点…,手术隆鼻,,
LB-26.jpg,15,露鼻孔怎么办❓,手术隆鼻,,
LB-27.jpg,15,直鼻微翘+微起伏👃,手术隆鼻,,
LB-28.jpg,12,露鼻孔|鼻翼缘30分钟矫正,手术隆鼻,,
LB-29.jpg,15,拒绝露鼻孔 拒绝鼻翼缘退缩～,手术隆鼻,,
LB-30.jpg,15,直鼻微翘+微起伏👃可以申请当你的模版嘛,手术隆鼻,,
LB-31.jpg,15,女生大鼻子模板,手术隆鼻,,
LB-32.jpg,15,大鼻头爆改思路｜猪猪女孩快来做功课～,手术隆鼻,,
LB-33.jpg,15,告别大鼻子，原来只需要两步！！,手术隆鼻,,
LB-34.jpg,15,鼻头大、鼻孔大的，就看这一篇！,手术隆鼻,,
LB-35.jpg,15,单纯软组织肥厚的大鼻头，不放材料解决思路,手术隆鼻,,
LB-36.jpg,15,大鼻子女生,手术隆鼻,,
LB-37.jpg,15,鼻槛缺损断裂还能修吗？,手术隆鼻,,
LB-38.jpg,15,鼻翼缩小，👃🏻真能小这么多？,手术隆鼻,,
LB-39.jpg,15,OMG!没想到改善大鼻孔和鼻孔外漏这么简单！,手术隆鼻,,
LB-40.jpg,15,露鼻孔,手术隆鼻,,
LB-41.jpg,15,为什么双拱鼻头不会变形下旋❓,手术隆鼻,,
LB-42.jpg,15,只是缩了4mm...,手术隆鼻,,
LB-43.jpg,15,什么是三维优化内外联合缩鼻翼？,手术隆鼻,,
LB-44.jpg,15,peek眉弓+8mm鼻基底，美学要点与沟通技巧,手术隆鼻,,
LB-45.jpg,15,鼻尖顶白了，可以只修复鼻头吗？,手术隆鼻,,
LB-46.jpg,13,缩鼻翼模版｜“扁塌鼻”终于🈶调整思路啦～,手术隆鼻,,
LB-47.jpg,15,皮肤厚软组织多，无材料大鼻头缩小解决思路,手术隆鼻,,
LB-48.jpg,15,直鼻微翘微驼峰，自然、原生、灵动！,手术隆鼻,,
LB-49.jpg,12,再也不怕大鼻孔大鼻头了，拒绝露鼻孔❗️,手术隆鼻,,
LB-50.jpg,15,大鼻头宽鼻翼改善思路～,手术隆鼻,,
LB-51.jpg,15,滑行皮瓣缩鼻翼跟传统鼻翼内外切有什么区别,手术隆鼻,,
LB-52.jpg,15,-,手术隆鼻,,
LB-53.jpg,12,do鼻支架该如何选择？,手术隆鼻,,
LB-54.jpg,15,鼻模版之直鼻微翘,手术隆鼻,,
LB-55.jpg,15,当你do到了妈生鼻的精髓！！,手术隆鼻,,
LB-56.jpg,15,关注老宫6年的粉丝从山东过来面诊,手术隆鼻,,
LB-57.jpg,12,在上海do到了妈生鼻的精髓……,手术隆鼻,,
LB-58.jpg,15,怪不得说鼻子是五官之首,手术隆鼻,,
LB-59.jpg,15,重度露鼻孔|调整思路|鼻翼缘矫正,手术隆鼻,,
LB-60.jpg,15,鼻翼宽鼻头大终于🈶调整思路啦❗️,手术隆鼻,,
LB-61.jpg,15,当你do到了妈生鼻的精髓美学设计！！,手术隆鼻,,
LB-62.jpg,15,缩鼻翼5mm模版｜“扁塌鼻”终于🈶调整思路了❗️,手术隆鼻,,
LB-63.jpg,11,直鼻微翘｜妈生鼻到天花板审美思路！！,手术隆鼻,,
LB-64.jpg,15,这就是妈生鼻的精髓吗❓,手术隆鼻,,
LB-65.jpg,15,6种缩鼻翼方式，看看您适合哪种,手术隆鼻,,
LB-66.jpg,11.07,以前和现在，这算成功逆袭了吗？,手术隆鼻,,
LB-67.jpg,7.16,歪鼻修复，立体骨相鼻👃,手术隆鼻,,
LB-68.jpg,9.55,当凹面脸决定去do鼻……..,手术隆鼻,,
LB-69.jpg,9.81,鼻子太影响颜值了…,手术隆鼻,,
LB-70.jpg,8.99,面中拉出4mm的直鼻微翘！！！,手术隆鼻,,
LB-71.jpg,10.63,原来do鼻真的可以换头！！,手术隆鼻,,
LB-72.jpg,8.33,第一次这么直观😭原相机下真的好自然,手术隆鼻,,
LB-73.jpg,7.61,当你面中凹陷决定去do鼻！,手术隆鼻,,
LB-74.jpg,16.49,直鼻微翘微起伏👃～,手术隆鼻,,
LB-75.jpg,10.5,再也不用为这个月亮脸自卑了！！,手术隆鼻,,
LB-76.jpg,17.25,论普女do完鼻子改变有多大,手术隆鼻,,
LB-77.jpg,9.3,幼态妈生鼻真的好喜欢…,手术隆鼻,,
LB-78.jpg,40.46,一个鼻子而已 变化能有多大…,手术隆鼻,,
LB-79.jpg,11.35,这鼻子五一回家会被爸妈发现吗！,手术隆鼻,,
LB-80.jpg,15.96,原来大鼻头还可以这样,手术隆鼻,,
LB-81.jpg,8.58,只是do了个鼻，没想到变化这么大,手术隆鼻,,
LB-82.jpg,6.52,面中拉出后得到了妈生侧颜～,手术隆鼻,,
LB-83.jpg,9.08,当我把面中拉出…,手术隆鼻,,
LB-84.jpg,6.71,我承认 以前的鼻子确实丑了点,手术隆鼻,,
LB-85.jpg,9.25,当我 do 了个露思同款鼻…,手术隆鼻,,
LB-86.jpg,15.44,像她三分已是绝色,手术隆鼻,,
LB-87.jpg,9.15,没想到do鼻后颜值能提升这么多…,手术隆鼻,,
LB-88.jpg,12.5,直观感受面中拉出40%的震撼！！,手术隆鼻,,
LB-89.jpg,16.55,原相机妈生鼻｜双拱支架 随意揉捏～,手术隆鼻,,
LB-90.jpg,7.77,深圳妈生感微起伏鼻，值吗？,手术隆鼻,,
LB-91.jpg,35.03,成都鼻修复|这次鼻子只能给到一个夯了,手术隆鼻,,
LB-92.jpg,15.95,📷原相机感受拉出面中的含金量,手术隆鼻,,
LB-93.jpg,15.66,面中拉出40%的含金量….,手术隆鼻,,
LB-94.jpg,13.34,直鼻微翘📷原相机live图直出,手术隆鼻,,
LB-95.jpg,7.23,成都周顺波 隆鼻届权威的代表！,手术隆鼻,,
LB-96.jpg,13.11,啊啊啊！谁懂这个👃的含金量啊！,手术隆鼻,,
LB-97.jpg,18.04,成都隆鼻微起伏|4mm拉面中，上镜骨感高级,手术隆鼻,,
LB-98.jpg,29.59,成都鼻修复｜隆鼻怎么可能找谁都一样,手术隆鼻,,
LB-99.jpg,21.04,成都微起伏|把我推给所有需要鼻修复的妹妹,手术隆鼻,,
LB-100.jpg,38.29,成都鼻修复|被妈生高级感拿捏了~,手术隆鼻,,
LB-101.jpg,51.05,成都周顺波｜3个部位改善面中凹陷,手术隆鼻,,
LB-102.jpg,24.25,成都隆鼻微起伏|4mm拉面中，上镜骨感高级,手术隆鼻,,
LB-103.jpg,29.03,成都上镜骨感鼻|高辨识度的高级感！！,手术隆鼻,,
LB-104.jpg,36.8,成都隆鼻｜终于拥有了权威的骨相侧脸了！！,手术隆鼻,,
LB-105.jpg,59.88,成都上镜骨感鼻！隆鼻的尽头就是自然高级,手术隆鼻,,
LB-106.jpg,20.22,短塌鼻逆袭思路,手术隆鼻,,
LB-107.jpg,16.98,肋骨直鼻微翘👃精致上镜鼻型,手术隆鼻,,
LB-108.jpg,25.23,当你do到妈生鼻的精髓后……,手术隆鼻,,
LB-109.jpg,12.82,这就是无假体隆鼻👃的含金量吗……,手术隆鼻,,
LB-110.jpg,39.68,do鼻7天，拆盲盒来了,手术隆鼻,,
LB-111.jpg,22.94,深圳do鼻，值吗？,手术隆鼻,,
LB-112.jpg,69.21,深圳隆鼻模板,手术隆鼻,,
LB-113.jpg,53.03,深圳拉面中丨凹面型扁平脸改善思路,手术隆鼻,,
LB-114.jpg,6.95,4mm假体拉面中，深圳微起伏上镜骨感鼻,手术隆鼻,,
LB-115.jpg,42.01,深圳do鼻丨面中凹陷改善思路,手术隆鼻,,
LB-116.jpg,35.12,深圳do鼻微起伏|4mm拉面中，上镜骨感高级,手术隆鼻,,
LB-117.jpg,1.0271,杭州do鼻|外国人do鼻前后差距有多大？,手术隆鼻,,
LB-118.jpg,84.67,找杭州do鼻之神切换风格,手术隆鼻,,
LB-119.jpg,91.07,不用惊讶 一款美鼻直接活出两种人生,手术隆鼻,,
LB-120.jpg,28.44,适配脸型的微起伏鼻,手术隆鼻,,
LB-121.jpg,81.28,破防了！原来ai都算不出的黄金比例，藏在这里,手术隆鼻,,
LB-122.jpg,74.08,用色彩打开你的鼻模版,手术隆鼻,,
LB-123.jpg,56.57,鼻修复依旧选他！,手术隆鼻,,
LB-124.jpg,55.45,do鼻后不贴胶带等于白做！,手术隆鼻,,
LB-125.jpg,40.18,妈生感直鼻微翘模版❗️❗️❗️,手术隆鼻,,
LB-126.jpg,56.81,直鼻模版～,手术隆鼻,,
LB-127.jpg,6.82,大鼻头缩小 别再傻傻只切鼻头了！,手术隆鼻,,
LB-128.jpg,39.68,do鼻7天，拆盲盒来了,手术隆鼻,,
LB-129.jpg,31.16,这才是扁平脸塌鼻子 正确do鼻思路！,手术隆鼻,,
LB-130.jpg,54.89,妈生鼻也有微起伏了？悄悄变美do鼻模板！,手术隆鼻,,
LB-131.jpg,60.66,如何设计出好看的鼻子？深圳do鼻模板！,手术隆鼻,,
LB-132.jpg,33.93,深圳微起伏鼻 皮相逆袭骨相 颜值从拉到夯！,手术隆鼻,,
LB-133.jpg,16.44,直鼻微翘微起伏👃～,手术隆鼻,,
LB-134.jpg,9.27,幼态妈生鼻真的好喜欢…,手术隆鼻,,
LB-135.jpg,8.58,只是do了个鼻，没想到变化这么大,手术隆鼻,,
LB-136.jpg,62.91,do鼻后只喜欢素颜出门！,手术隆鼻,,
LB-137.jpg,11.93,超自然的直鼻微翘微起伏～,手术隆鼻,,
LB-138.jpg,11.42,鼻子拉出面中后气质都变了！,手术隆鼻,,
LB-139.jpg,9.49,终于也有漂亮的鼻子了👃,手术隆鼻,,
LB-140.jpg,8.27,微起伏｜正面侧面都好看的鼻子！,手术隆鼻,,
LB-141.jpg,48.91,成都隆鼻|立体上镜轻松拿下,手术隆鼻,,
LB-142.jpg,39.67,成都上镜骨感鼻｜塑造权威侧颜,手术隆鼻,,
LB-143.jpg,50.86,3步！轻松打造高级立体的骨感鼻,手术隆鼻,,
LB-144.jpg,40.43,成都上镜骨感鼻|立体高级，妈生自然～,手术隆鼻,,
LB-145.jpg,29.03,成都上镜骨感鼻|高辨识度的高级感！！,手术隆鼻,,
LB-146.jpg,11.14,以前和现在，这算成功逆袭了吗？,手术隆鼻,,
LB-147.jpg,7.15,歪鼻修复，立体骨相鼻👃,手术隆鼻,,
LB-148.jpg,25.5,原来短塌鼻对于侧颜的影响这么大啊！！,手术隆鼻,,
LB-149.jpg,9.54,当凹面脸决定去do鼻……..,手术隆鼻,,
LB-150.jpg,6.88,侧颜逆袭‼️月亮脸终于有救了…,手术隆鼻,,
LB-151.jpg,8.28,当面中凹陷决定去做鼻子……,手术隆鼻,,
LB-152.jpg,6.75,下巴设计I凸嘴直接干成高冷美女…,手术隆鼻,,
LB-153.jpg,15.3,天呐！鼻子挛缩成这样到底该怎么办？,手术隆鼻,,
LB-154.jpg,14.95,当面中凹陷决定去do鼻！👃,手术隆鼻,,
LB-155.jpg,99.54,当我用韩女审美来设计自己的鼻子,手术隆鼻,,
LB-156.jpg,10.83,谁懂高级感骨相鼻的👃美学思路～,手术隆鼻,,
LB-157.jpg,8.1,原来面中凹陷对颜值的影响这么大...,手术隆鼻,,
LB-158.jpg,7.99,骨相感鼻👃,手术隆鼻,,
LB-159.jpg,22.62,不填充拉出面中思路,手术隆鼻,,
LB-160.jpg,28.14,一个幼态又气质的鼻子应具备哪些特点？,手术隆鼻,,
zs-001.png,22,全脸韧带提升|1ml小剂量如何实现大效果,,,
zs-002.png,14,哈尔滨抗衰微调提升遇到她!简直太香了~,,,
zs-003.jpg,15,她审美太绝了吧，不枉费12小时上海飞深圳!,,,
zs-004.jpg,16,山东人从不弄虚作假!微调福利~限时开启,,,
zs-005.jpg,13,网上看一百个案例，不如线下面诊一次,,,
zs-006.jpg,13,30而立进京皮贴骨|很迷人因为她擅长做自已,,,
zs-007.jpg,11,这位北二环70年捏脸战神超🐮谁还去别地啊,,,
zs-008.jpg,11,从下巴后缩小肉脸到大帅踢，这双手太权威了,,,
zs-009.jpg,19,所以，谁才是微调界的神!,,,
zs-010.jpg,10,第①视角体验当捏脸大师!垮脸收紧,,,
zs-011.jpg,10.75,短鼻朝天鼻，1支延长鼻尖，抬高鼻背~,,,
zs-012.jpg,31.03,1.5ml/支的Radiesse，这样打一滴都不浪费!,,,
zs-013.jpg,10.41,口角囊袋、法令纹，这样打就平了!,,,
zs-014.jpg,9.12,脸垮才打?你错得离谱,,,
zs-015.jpg,13.88,塑妍萃百支大师|有效抗衰思路详细解析!!,,,
zs-016.jpg,8.12,天后童颜塑妍萃的全脸高收益打法~,,,
zs-017.jpg,7.75,轻盈灵动感|瑞蓝定采限时特惠,,,
zs-018.jpg,11.99,苏州微调绝了!素颜都巨好看,,,
zs-019.jpg,8.76,李花停的眼睛就是尺,,,
zs-020.jpg,8.26,宁波轮廓眼周微调，小剂量就ok!,,,
zs-021.jpg,9.13,口周松垮垂?动态支撑网实现口周年轻,,,
zs-022.jpg,14.32,口周抗衰用什么材料扛得住?,,,
zs-023.jpg,11.13,30+面部松垮垂|塑妍萃快速提升上镜皮贴骨,,,
zs-024.jpg,8.87,口周衰老别盲目填，这可是张“动态网”,,,
zs-025.jpg,17.26,塑妍萃vs优法兰🔥看完这3点再不纠结,,,
zs-026.jpg,7.45,干皮、细纹、暗沉!就这个组合!,,,
zs-027.jpg,8.77,眼周抗衰新武器一上瘾红来啦!,,,
zs-028.jpg,7.23,沈阳微调的故事在此刻开启,,,
zs-029.jpg,12.72,小预算也能全脸轮廓提升 还原年轻态~,,,
zs-030.jpg,7.4,上海聂婕|微调顶~流,,,
zs-031.jpg,14.27,伊妍仕微do打造高级脸|核心方案大揭秘,,,
zs-032.jpg,7.51,自然高级脸调整思路,,,
zs-033.jpg,8.01,补水≠抗衰!为何我对艾维岚“上瘾”,,,
zs-034.jpg,7.87,干皮、细纹、暗沉!就这个组合!,,,
zs-035.jpg,7.03,这已经是大叔祛油最简单的方法了!,,,
zs-036.jpg,8.28,为什么说它是抗衰的重要利器,,,
zs-037.jpg,15,你觉得网红脸好看吗?,,,
zs-038.jpg,12,快看看你中了哪一条?,,,
zs-039.jpg,19,深圳微调|用色调打开我的高定原生美学,,,
zs-040.jpg,17,2026爆火🔥抗衰新科技!垮脸界的救星,,,
zs-041.jpg,10,北京美美|皮贴骨才是垮脸抗衰的正确思路,,,
zs-042.jpg,22,30+骨相进阶公式,,,
zs-043.jpg,16,富婆同款塑妍萃全脸提升方案 心告别松垮垂,,,
zs-044.jpg,19,肉眼看面部立体，但上镜却不够立体....,,,
zs-045.jpg,11.3,想做塑妍萃怕肿?先看这篇内容!,,,
zs-046.jpg,15,塑妍萃打完就消了?我的胶原呢?,,,
zs-047.jpg,29,北京皮贴骨|肉肉脸打薄必看,,,
zs-048.jpg,9.8,阔面脸+高颧骨?4步高级骨相!,,,
zs-049.jpg,11.8,行医底线，就是守住顾客的信任,,,
zs-050.jpg,18.7,如果微调只是填充，和水泥抹墙有什么区别?,,,
zs-051.jpg,17.4,宁波微调|这才是疲态脸上镜思路,,,
zs-052.jpg,25.8,28+轻薄骨相脸微do思路,,,
zs-053.jpg,11.4,建模身材当然要配[建模脸】啊!,,,
zs-054.jpg,18.8,没想到有一天素颜也可以这么好看!,,,
zs-055.jpg,19.2,高原的高是高级的高，微调界又多一张超模脸,,,
zs-056.jpg,10.8,2026全网即将流行抗衰新技术--六维联合抗衰,,,
zs-057.jpg,7.2,一瓶塑颜萃实现全脸紧致提升!,,,
zs-058.jpg,9.8,阔面脸+高颧骨?4步高级骨相!,,,
zs-059.jpg,4.5,不垮脸思路|长脸松垮垂如何改善?,,,
zs-060.jpg,5.3,各ip都要奔赴杭州的殿堂级微调是什么样的?,,,
zs-061.jpg,6.6,怪不得全国博主都爱飞成都!微调审美太超前,,,
zs-062.jpg,10.3,成都骨相微调天花板，真的有点东西!,,,
zs-063.jpg,7.5,上海微调真有点东西，2支就能重返18岁?,,,
zs-064.jpg,4.8,所以，谁才是上海注射圈的神?!,,,
zs-065.jpg,4.9,阔面方圆脸的变美思路，看这一篇就够了~~,,,
zs-066.jpg,3.6,才30+眼睛就松垮垂了?黑眼圈泪沟一次改善,,,
zs-067.jpg,3.1,2026全脸抗衰新方式!提升紧致塑形一步到位,,,
zs-068.jpg,9.6,上瘾红为啥是医美万金油?4种搭配来揭秘,,,
zs-069.jpg,15.1,动态支撑网|更高阶的口周打法,,,
zs-070.jpg,7.4,塑妍萃打前完全攻略指南~,,,
zs-071.jpg,7,上海郭敬松|微调顶~流,,,
zs-072.jpg,7,难怪都跑到成都找她!微调真的很权威啊!,,,
zs-073.jpg,7,深圳微调“圣手“高级自然感拿捏~,,,
zs-074.jpg,5,谷亦涵|来北京捏脸的百万博主们都找她!,,,
zs-075.jpg,10,不是...不叨叨也能爆改塌鼻子了吗!?,,,
zs-076.jpg,8,遇到了北京微调界的神~,,,
zs-077.jpg,5,广州微调mvp结算，要的就是妈生感,,,
zs-078.jpg,6,方圆肉肉脸天选微调圣体，不刀刀变窄脸,,,
zs-079.jpg,6,南京都有谁在啊!怎么都来南京找吴文欢?,,,
zs-080.jpg,6,款款同款大眼术!秒变上镜脸,,,
zs-081.jpg,4,2026全网即将流行抗衰新技术--六维联合抗衰,,,
zs-082.jpg,14,在厦门，塑妍萃童颜微调，原生高级脸封神,,,
zs-083.jpg,14,童颜省量抗衰!10条核心韧带全脸紧致提升!!,,,
zs-084.jpg,9,仅需4步|阔面 窄面，骨相浓颜脸打造,,,
zs-085.jpg,14,疲惫垮脸到高级上镜 真就轻轻松松,,,
zs-086.jpg,9,松弛凹陷，选对年轻又省自然提升抄作业!,,,
zs-087.jpg,14,广州掌管面部微调的神要的就是高级紧致感,,,
zs-088.jpg,13,成都微调miu系贵气千金感已偷偷藏不住!,,,
zs-089.jpg,11,所有男生!都给我去服美役!,,,
zs-090.jpg,8,脸垮救星塑妍萃?一个视频拆解清楚,,,
zs-091.jpg,10,单次塑妍萃是播种，维养才是丰收的关键,,,
zs-092.jpg,26,动态支撑网|更高阶的口周打法,,,
zs-093.jpg,10,肉肉脸去土气，变轻薄高清上镜脸,,,
zs-094.jpg,11,轻薄骨相脸微调思路,,,
zs-095.jpg,14,十年精选3个点位，高性价比改善法令纹!,,,
zs-096.jpg,11,请把视频推给想要变美的姐妹!审美好权威!,,,
zs-097.jpg,13,30+抗衰指南|垮脸抗衰的正确思路!,,,
zs-098.jpg,15,深圳微调|年后爆改拿捏浓颜千金脸~,,,
zs-099.jpg,11,高性比抗衰1 次改善皮肉分离,,,
zs-100.jpg,8,揭秘!Sculptra一瓶真的能压实口周吗?,,,
zs-101.jpg,14,人气短剧大女主，微do大公开~,,,
zs-102.jpg,10,不移位!0.3ml终结鼻基底凹陷,,,
zs-103.jpg,15,哦莫?又被疯狂表白了!,,,
zs-104.jpg,14,不叨叨一个点位，改善4大垮脸问题~,,,
zs-105.jpg,14,菱形脸短下巴姐妹，高效变美思路!!,,,
zs-106.jpg,21,杭州微调|小剂量拯救法令纹，自然不假面,,,
zs-107.jpg,13,年前垮脸回春，口周问题一次解决~,,,
zs-108.jpg,28,深圳微调|不叨叨调出刀锋下颌线,,,
zs-109.jpg,13,为什么同样是注射，你打完脸反而大了,,,
zs-110.jpg,15,把立体上镜脸打造思路学了,,,
zs-111.jpg,12,鼻头扁塌|不叨叨爆改立体妈生鼻,,,
zs-112.jpg,18,"2026年全脸抗衰新方式|30分钟""午休变美”",,,
zs-113.jpg,14.54,第1️⃣视角体验当捏脸大师！垮脸收紧,,,
zs-114.jpg,10.37,她们的攻击声好大啊~ 差点，盖过我的意志,,,
zs-115.jpg,1.0116,一镜到底 ❗️ 35+宝妈垮脸逆袭~,,,
zs-116.jpg,3.28,方圆脸瘦脸，只需要这三条线！,,,
zs-117.jpg,19.02,第1️⃣视角改善口角囊袋 外轮廓紧致上扬,,,
zs-118.jpg,10.71,自带光芒的第一眼美女感，真的有底层框架,,,
zs-119.jpg,12.04,【全英实录】Contour Lift Filler 轮廓提升,,,
zs-120.jpg,7.55,不想叨叨？小剂量实现妈生鼻！,,,
zs-121.jpg,28.03,韩国面部抗衰新科技，实现自然妈生变美~,,,
zs-122.jpg,11.54,成为杭州顶帅，真没想到这么简单！,,,
zs-123.jpg,8.33,30+贵价抗衰？要的是平整 协调 耐看,,,
zs-124.jpg,13.65,像rose原来这么美~,,,
zs-125.jpg,3.53,深圳医美，找陈雯婷就对了！,,,
zs-126.jpg,23.19,30岁赴京提升皮贴骨｜很迷人 因为擅长做自已,,,
zs-127.jpg,19.94,矮塌鼻3ml骨相妈生～,,,
zs-128.jpg,20.96,高颧骨+方圆脸❗来感受下脸型变流畅的震撼,,,
zs-129.jpg,6.46,肉肉脸收紧 2步内收下颌角❗️,,,
zs-130.jpg,66.87,永远不要低估一个男生变帅的决心,,,
zs-131.jpg,37.41,第1️⃣视角轮廓提升 皮贴骨的教科书,,,
zs-132.jpg,4.68,鼻基底凹陷，这样打避免馒化移位！,,,
zs-133.jpg,7.29,广州微调，找赵江辉就对了！,,,
zs-134.jpg,3.96,这位北二环70年捏脸战神超🐮谁还去别地啊,,,
zs-135.jpg,5.64,方圆脸微调换头，四步让你上镜瘦十斤,,,
zs-136.jpg,5.43,南京都有谁在啊！怎么都来南京找吴文欢？,,,
zs-137.jpg,1.009,长这样有机会当练习生吗,,,
zs-138.jpg,4,江浙沪严选捏脸大咖！轻松美出新高度～,,,
zs-139.jpg,7.04,这才是普通人打完鼻眉弓得真实样子……,,,
zs-140.jpg,11.54,成为杭州顶帅，真没想到这么简单！,,,
zs-141.jpg,12.68,第一视角提升💉皮贴骨你不用再等一世了！,,,
zs-142.jpg,10.03,关于注射鼻答疑解惑，快问快答来喽～,,,
zs-143.jpg,12.07,注射鼻合集，即刻自然妈生感,,,
zs-144.jpg,9.16,普通男生微调，变化大吗？,,,
zs-145.jpg,13.12,第1视角提升打薄💉终于皮贴骨了,,,
zs-146.jpg,1.0138,从小美到顶美是什么体验,,,
zs-147.jpg,12.66,第1视角提升打薄💉终于皮贴骨了,,,
zs-148.jpg,82.43,垮脸就打耳前韧带❗️第一视角微调实录,,,
zs-149.jpg,19.02,第1️⃣视角改善口角囊袋 外轮廓紧致上扬,,,
zs-150.jpg,11.76,相差12岁的情侣一起来do脸后……,,,
zs-151.jpg,10.88,肉肉脸变紧致！调完脸歪了❓,,,
zs-152.jpg,26.09,打耳前韧带前一定要知道的事...,,,
zs-153.jpg,19.76,一篇讲清楚三款童颜的区别！,,,
zs-154.jpg,22.22,鼻注射&塑骨相4️⃣种骨性材料到底怎么选？,,,
zs-155.jpg,19.97,眉弓，我愿称之为骨相美女的秘密,,,
zs-156.jpg,19.28,打鼻子，选什么材料？不变宽不移位！管的久,,,
zs-157.jpg,15.47,石家庄超百万粉丝博主阿美也来do脸啦~,,,
zs-158.jpg,50.48,不多说 展示,,,
zs-159.jpg,11.74,为什么说…这就是注射抗衰的归宿？,,,
zs-160.jpg,14.56,第1️⃣视角体验当捏脸大师！垮脸收紧,,,
zs-161.jpg,10.3,第1视角打出下颌线💉提升外轮廓,,,
zs-162.jpg,11.73,第一视角打出下颌线，提升外轮廓,,,
zs-163.jpg,4.6,大脸变小微调 夯爆了,,,
zs-164.jpg,17.16,推给土象！biu出来的“微醺少年感”,,,
zs-165.jpg,14.9,矮塌鼻？短鼻？蒜头鼻？如何改善告诉你～,,,
zs-166.jpg,13.29,和住在楼上的阿美双向奔赴，不用再p图啦~,,,
zs-167.jpg,11.83,2分钟讲清，她是怎么把苹果肌藏起来的…,,,
zs-168.jpg,24.85,我可能不会爱你，但do脸可以陪你,,,
zs-169.jpg,68.33,张凌赫——能统一男女审美的脸有多权威？,,,
zs-170.jpg,11.09,十年前打童颜的人，现在怎么样了？,,,
zs-171.jpg,12.61,博主严选！广州掌管微调初恋脸的神~,,,
zs-172.jpg,8.82,合肥| 眼周年轻化的顶流是怎么做到的？,,,
zs-173.jpg,16.8,广州找江辉骨相微调…夯级审美！,,,
zs-174.jpg,1.0139,肉脸松垮如何抗衰微调❓,,,
zs-175.jpg,9.36,选对方式变美真的可以没有尴尬期！,,,
zs-176.jpg,6.8,是牙牙哇~为了上镜真的拼了！！,,,
zs-177.jpg,5.16,方圆脸千万别打咬肌！2步不叨叨变窄脸,,,
zs-178.jpg,17.95,只提不填！这样打法令纹不馒化不移位✅️,,,
zs-179.jpg,86.04,喜提小窄脸，方圆脸的瘦脸邪修法,,,
zs-180.jpg,18.38,骨相鼻注射，贝丽菲尔打造半永久骨相,,,
zs-181.jpg,4.32,广州微调来对了 ✌🏻,,,
zs-182.jpg,2.97,广州微调mvp结算,,,
zs-183.jpg,7.22,广州微调，找赵江辉就对了！,,,
zs-184.jpg,3.53,深圳医美，找陈雯婷就对了！,,,
zs-185.jpg,8.3,面部提升丨抗衰美学分享,,,
zs-186.jpg,13.35,变美的意义到底是什么？,,,
zs-187.jpg,38.46,尽管来抄！面部提升正确思路🈶️,,,
zs-188.jpg,6.27,啊啊啊!!!这个微调真的爱了,,,
zs-189.jpg,11.2,矮塌鼻注射抬高，现在立体了吗,,,
zs-190.jpg,10.42,面中凹陷？如何拉面中？一篇告诉你,,,
zs-191.jpg,10.67,请允许我们肉肉脸有自己的变美法则,,,
